against_bug,against_dark,against_dragon,against_electric,against_fairy,against_fight,against_fire,against_flying,against_ghost,against_grass,against_ground,against_ice,against_normal,against_poison,against_psychic,against_rock,against_steel,against_water,attack,base_egg_steps,base_happiness,base_total,capture_rate,defense,experience_growth,hp,pokedex_number,sp_attack,sp_defense,speed,generation,is_legendary
1,1,1,0.5,0.5,0.5,2,2,1,0.25,1,2,1,1,2,1,1,0.5,49,5120,70,318,45,49,1059860,45,1,65,65,45,1,0
1,1,1,0.5,0.5,0.5,2,2,1,0.25,1,2,1,1,2,1,1,0.5,62,5120,70,405,45,63,1059860,60,2,80,80,60,1,0
1,1,1,0.5,0.5,0.5,2,2,1,0.25,1,2,1,1,2,1,1,0.5,100,5120,70,625,45,123,1059860,80,3,122,120,80,1,0
0.5,1,1,1,0.5,1,0.5,1,1,0.5,2,0.5,1,1,1,2,0.5,2,52,5120,70,309,45,43,1059860,39,4,60,50,65,1,0
0.5,1,1,1,0.5,1,0.5,1,1,0.5,2,0.5,1,1,1,2,0.5,2,64,5120,70,405,45,58,1059860,58,5,80,65,80,1,0
0.25,1,1,2,0.5,0.5,0.5,1,1,0.25,0,1,1,1,1,4,0.5,2,104,5120,70,634,45,78,1059860,78,6,159,115,100,1,0
1,1,1,2,1,1,0.5,1,1,2,1,0.5,1,1,1,1,0.5,0.5,48,5120,70,314,45,65,1059860,44,7,50,64,43,1,0
1,1,1,2,1,1,0.5,1,1,2,1,0.5,1,1,1,1,0.5,0.5,63,5120,70,405,45,80,1059860,59,8,65,80,58,1,0
1,1,1,2,1,1,0.5,1,1,2,1,0.5,1,1,1,1,0.5,0.5,103,5120,70,630,45,120,1059860,79,9,135,115,78,1,0
1,1,1,1,1,0.5,2,2,1,0.5,0.5,1,1,1,1,2,1,1,30,3840,70,195,255,35,1000000,45,10,20,20,45,1,0
1,1,1,1,1,0.5,2,2,1,0.5,0.5,1,1,1,1,2,1,1,20,3840,70,205,120,55,1000000,50,11,25,25,30,1,0
0.5,1,1,2,1,0.25,2,2,1,0.25,0,2,1,1,1,4,1,1,45,3840,70,395,45,50,1000000,60,12,90,80,70,1,0
0.5,1,1,1,0.5,0.25,2,2,1,0.25,1,1,1,0.5,2,2,1,1,35,3840,70,195,255,30,1000000,40,13,20,20,50,1,0
0.5,1,1,1,0.5,0.25,2,2,1,0.25,1,1,1,0.5,2,2,1,1,25,3840,70,205,120,50,1000000,45,14,25,25,35,1,0
0.5,1,1,1,0.5,0.25,2,2,1,0.25,1,1,1,0.5,2,2,1,1,150,3840,70,495,45,40,1000000,65,15,15,80,145,1,0
0.5,1,1,2,1,1,1,1,0,0.5,0,2,1,1,1,2,1,1,45,3840,70,251,255,40,1059860,40,16,35,35,56,1,0
0.5,1,1,2,1,1,1,1,0,0.5,0,2,1,1,1,2,1,1,60,3840,70,349,120,55,1059860,63,17,50,50,71,1,0
0.5,1,1,2,1,1,1,1,0,0.5,0,2,1,1,1,2,1,1,80,3840,70,579,45,80,1059860,83,18,135,80,121,1,0
1,1,1,1,1,2,1,1,0,1,1,1,1,1,1,1,1,1,56,3840,70,253,255,35,1000000,30,19,25,35,72,1,0
1,1,1,1,1,2,1,1,0,1,1,1,1,1,1,1,1,1,71,3840,70,413,127,70,1000000,75,20,40,80,77,1,0
0.5,1,1,2,1,1,1,1,0,0.5,0,2,1,1,1,2,1,1,60,3840,70,262,255,30,1000000,40,21,31,31,70,1,0
0.5,1,1,2,1,1,1,1,0,0.5,0,2,1,1,1,2,1,1,90,3840,70,442,90,65,1000000,65,22,61,61,100,1,0
0.5,1,1,1,0.5,0.5,1,1,1,0.5,2,1,1,0.5,2,1,1,1,60,5120,70,288,255,44,1000000,35,23,40,54,55,1,0
0.5,1,1,1,0.5,0.5,1,1,1,0.5,2,1,1,0.5,2,1,1,1,95,5120,70,448,90,69,1000000,60,24,65,79,80,1,0
1,1,1,0.5,1,1,1,0.5,1,1,2,1,1,1,1,1,0.5,1,55,2560,70,320,190,40,1000000,35,25,50,50,90,1,0
1,1,1,0.5,1,1,1,0.5,1,1,2,1,1,1,1,1,0.5,1,85,2560,70,485,75,50,1000000,60,26,95,85,110,1,0
1,1,1,0,1,1,1,1,1,2,1,2,1,0.5,1,0.5,1,2,75,5120,70,300,255,90,1000000,50,27,10,35,40,1,0
1,1,1,0,1,1,1,1,1,2,1,2,1,0.5,1,0.5,1,2,100,5120,70,450,90,120,1000000,75,28,25,65,65,1,0
0.5,1,1,1,0.5,0.5,1,1,1,0.5,2,1,1,0.5,2,1,1,1,47,5120,70,275,235,52,1059860,55,29,40,40,41,1,0
0.5,1,1,1,0.5,0.5,1,1,1,0.5,2,1,1,0.5,2,1,1,1,62,5120,70,365,120,67,1059860,70,30,55,55,56,1,0
0.5,1,1,0,0.5,0.5,1,1,1,1,2,2,1,0.25,2,0.5,1,2,92,5120,70,505,45,87,1059860,90,31,75,85,76,1,0
0.5,1,1,1,0.5,0.5,1,1,1,0.5,2,1,1,0.5,2,1,1,1,57,5120,70,273,235,40,1059860,46,32,40,40,50,1,0
0.5,1,1,1,0.5,0.5,1,1,1,0.5,2,1,1,0.5,2,1,1,1,72,5120,70,365,120,57,1059860,61,33,55,55,65,1,0
0.5,1,1,0,0.5,0.5,1,1,1,1,2,2,1,0.25,2,0.5,1,2,102,5120,70,505,45,77,1059860,81,34,85,75,85,1,0
0.5,0.5,0,1,1,0.5,1,1,1,1,1,1,1,2,1,1,2,1,45,2560,140,323,150,48,800000,70,35,60,65,35,1,0
0.5,0.5,0,1,1,0.5,1,1,1,1,1,1,1,2,1,1,2,1,70,2560,140,483,25,73,800000,95,36,95,90,60,1,0
0.5,1,1,1,0.5,1,0.5,1,1,0.5,2,0.5,1,1,1,2,0.5,2,41,5120,70,299,190,40,1000000,38,37,50,65,65,1,0
0.5,1,1,1,0.5,1,0.5,1,1,0.5,2,0.5,1,1,1,2,0.5,2,67,5120,70,505,75,75,1000000,73,38,81,100,109,1,0
0.5,0.5,0,1,1,1,1,1,0,1,1,1,1,2,1,1,2,1,45,2560,70,270,170,20,800000,115,39,45,25,20,1,0
0.5,0.5,0,1,1,1,1,1,0,1,1,1,1,2,1,1,2,1,70,2560,70,435,50,45,800000,140,40,85,50,45,1,0
0.25,1,1,2,0.5,0.25,1,1,1,0.25,0,2,1,0.5,2,2,1,1,45,3840,70,245,255,35,1000000,40,41,30,40,55,1,0
0.25,1,1,2,0.5,0.25,1,1,1,0.25,0,2,1,0.5,2,2,1,1,80,3840,70,455,90,70,1000000,75,42,65,75,90,1,0
1,1,1,0.5,0.5,0.5,2,2,1,0.25,1,2,1,1,2,1,1,0.5,50,5120,70,320,255,55,1059860,45,43,75,65,30,1,0
1,1,1,0.5,0.5,0.5,2,2,1,0.25,1,2,1,1,2,1,1,0.5,65,5120,70,395,120,70,1059860,60,44,85,75,40,1,0
1,1,1,0.5,0.5,0.5,2,2,1,0.25,1,2,1,1,2,1,1,0.5,80,5120,70,490,45,85,1059860,75,45,110,90,50,1,0
2,1,1,0.5,1,0.5,4,4,1,0.25,0.25,2,1,2,1,2,1,0.5,70,5120,70,285,190,55,1000000,35,46,45,55,25,1,0
2,1,1,0.5,1,0.5,4,4,1,0.25,0.25,2,1,2,1,2,1,0.5,95,5120,70,405,75,80,1000000,60,47,60,80,30,1,0
0.5,1,1,1,0.5,0.25,2,2,1,0.25,1,1,1,0.5,2,2,1,1,55,5120,70,305,190,50,1000000,60,48,40,55,45,1,0
0.5,1,1,1,0.5,0.25,2,2,1,0.25,1,1,1,0.5,2,2,1,1,65,5120,70,450,75,60,1000000,70,49,90,75,90,1,0
1,1,1,0,1,1,1,1,1,2,1,2,1,0.5,1,0.5,1,2,55,5120,70,265,255,30,1000000,10,50,35,45,90,1,0
1,1,1,0,1,1,1,1,1,2,1,2,1,0.5,1,0.5,1,2,100,5120,70,425,50,60,1000000,35,51,50,70,110,1,0
1,1,1,1,1,2,1,1,0,1,1,1,1,1,1,1,1,1,35,5120,70,290,255,35,1000000,40,52,50,40,90,1,0
1,1,1,1,1,2,1,1,0,1,1,1,1,1,1,1,1,1,60,5120,70,440,90,60,1000000,65,53,75,65,115,1,0
1,1,1,2,1,1,0.5,1,1,2,1,0.5,1,1,1,1,0.5,0.5,52,5120,70,320,190,48,1000000,50,54,65,50,55,1,0
1,1,1,2,1,1,0.5,1,1,2,1,0.5,1,1,1,1,0.5,0.5,82,5120,70,500,75,78,1000000,80,55,95,80,85,1,0
0.5,0.5,1,1,2,1,1,2,1,1,1,1,1,1,2,0.5,1,1,80,5120,70,305,190,35,1000000,40,56,35,45,70,1,0
0.5,0.5,1,1,2,1,1,2,1,1,1,1,1,1,2,0.5,1,1,105,5120,70,455,75,60,1000000,65,57,60,70,95,1,0
0.5,1,1,1,0.5,1,0.5,1,1,0.5,2,0.5,1,1,1,2,0.5,2,70,5120,70,350,190,45,1250000,55,58,70,50,60,1,0
0.5,1,1,1,0.5,1,0.5,1,1,0.5,2,0.5,1,1,1,2,0.5,2,110,5120,70,555,75,80,1250000,90,59,100,80,95,1,0
1,1,1,2,1,1,0.5,1,1,2,1,0.5,1,1,1,1,0.5,0.5,50,5120,70,300,255,40,1059860,40,60,40,40,90,1,0
1,1,1,2,1,1,0.5,1,1,2,1,0.5,1,1,1,1,0.5,0.5,65,5120,70,385,120,65,1059860,65,61,50,50,90,1,0
0.5,0.5,1,2,2,1,0.5,2,1,2,1,0.5,1,1,2,0.5,0.5,0.5,95,5120,70,510,45,95,1059860,90,62,70,90,70,1,0
2,2,1,1,1,0.5,1,1,2,1,1,1,1,1,0.5,1,1,1,20,5120,70,310,200,15,1059860,25,63,105,55,90,1,0
2,2,1,1,1,0.5,1,1,2,1,1,1,1,1,0.5,1,1,1,35,5120,70,400,100,30,1059860,40,64,120,70,105,1,0
2,2,1,1,1,0.5,1,1,2,1,1,1,1,1,0.5,1,1,1,50,5120,70,600,50,65,1059860,55,65,175,105,150,1,0
0.5,0.5,1,1,2,1,1,2,1,1,1,1,1,1,2,0.5,1,1,80,5120,70,305,180,50,1059860,70,66,35,35,35,1,0
0.5,0.5,1,1,2,1,1,2,1,1,1,1,1,1,2,0.5,1,1,100,5120,70,405,90,70,1059860,80,67,50,60,45,1,0
0.5,0.5,1,1,2,1,1,2,1,1,1,1,1,1,2,0.5,1,1,130,5120,70,505,45,80,1059860,90,68,65,85,55,1,0
1,1,1,0.5,0.5,0.5,2,2,1,0.25,1,2,1,1,2,1,1,0.5,75,5120,70,300,255,35,1059860,50,69,70,30,40,1,0
1,1,1,0.5,0.5,0.5,2,2,1,0.25,1,2,1,1,2,1,1,0.5,90,5120,70,390,120,50,1059860,65,70,85,45,55,1,0
1,1,1,0.5,0.5,0.5,2,2,1,0.25,1,2,1,1,2,1,1,0.5,105,5120,70,490,45,65,1059860,80,71,100,70,70,1,0
0.5,1,1,2,0.5,0.5,0.5,1,1,1,2,0.5,1,0.5,2,1,0.5,0.5,40,5120,70,335,190,35,1250000,40,72,50,100,70,1,0
0.5,1,1,2,0.5,0.5,0.5,1,1,1,2,0.5,1,0.5,2,1,0.5,0.5,70,5120,70,515,60,65,1250000,80,73,80,120,100,1,0
1,1,1,0,1,2,0.5,0.5,1,4,2,2,0.5,0.25,1,0.5,2,4,80,3840,70,300,255,100,1059860,40,74,30,30,20,1,0
1,1,1,0,1,2,0.5,0.5,1,4,2,2,0.5,0.25,1,0.5,2,4,95,3840,70,390,120,115,1059860,55,75,45,45,35,1,0
1,1,1,0,1,2,0.5,0.5,1,4,2,2,0.5,0.25,1,0.5,2,4,120,3840,70,495,45,130,1059860,80,76,55,65,45,1,0
0.5,1,1,1,0.5,1,0.5,1,1,0.5,2,0.5,1,1,1,2,0.5,2,85,5120,70,410,190,55,1000000,50,77,65,65,90,1,0
0.5,1,1,1,0.5,1,0.5,1,1,0.5,2,0.5,1,1,1,2,0.5,2,100,5120,70,500,60,70,1000000,65,78,80,80,105,1,0
2,2,1,2,1,0.5,0.5,1,2,2,1,0.5,1,1,0.5,1,0.5,0.5,65,5120,70,315,190,65,1000000,90,79,40,40,15,1,0
2,2,1,2,1,0.5,0.5,1,2,2,1,0.5,1,1,0.5,1,0.5,0.5,75,5120,70,590,75,180,1000000,95,80,130,80,30,1,0
0.5,1,0.5,0.5,0.5,2,2,0.25,1,0.5,4,0.5,0.5,0,0.5,0.5,0.25,1,35,5120,70,325,190,70,1000000,25,81,95,55,45,1,0
0.5,1,0.5,0.5,0.5,2,2,0.25,1,0.5,4,0.5,0.5,0,0.5,0.5,0.25,1,60,5120,70,465,60,95,1000000,50,82,120,70,70,1,0
0.5,1,1,2,1,1,1,1,0,0.5,0,2,1,1,1,2,1,1,90,5120,70,377,45,55,1000000,52,83,58,62,60,1,0
0.5,1,1,2,1,1,1,1,0,0.5,0,2,1,1,1,2,1,1,85,5120,70,310,190,45,1000000,35,84,35,35,75,1,0
0.5,1,1,2,1,1,1,1,0,0.5,0,2,1,1,1,2,1,1,110,5120,70,470,45,70,1000000,60,85,60,60,110,1,0
1,1,1,2,1,1,0.5,1,1,2,1,0.5,1,1,1,1,0.5,0.5,45,5120,70,325,190,55,1000000,65,86,45,70,45,1,0
1,1,1,2,1,2,1,1,1,2,1,0.25,1,1,1,2,1,0.5,70,5120,70,475,75,80,1000000,90,87,70,95,70,1,0
0.5,1,1,1,0.5,0.5,1,1,1,0.5,2,1,1,0.5,2,1,1,1,80,5120,70,325,190,50,1000000,80,88,40,50,25,1,0
0.5,1,1,1,0.5,0.5,1,1,1,0.5,2,1,1,0.5,2,1,1,1,105,5120,70,500,75,75,1000000,105,89,65,100,50,1,0
1,1,1,2,1,1,0.5,1,1,2,1,0.5,1,1,1,1,0.5,0.5,65,5120,70,305,190,100,1250000,30,90,45,25,40,1,0
1,1,1,2,1,2,1,1,1,2,1,0.25,1,1,1,2,1,0.5,95,5120,70,525,60,180,1250000,50,91,85,45,70,1,0
0.25,2,1,1,0.5,0,1,1,2,0.5,2,1,0,0.25,2,1,1,1,35,5120,70,310,190,30,1059860,30,92,100,35,80,1,0
0.25,2,1,1,0.5,0,1,1,2,0.5,2,1,0,0.25,2,1,1,1,50,5120,70,405,90,45,1059860,45,93,115,55,95,1,0
0.25,2,1,1,0.5,0,1,1,2,0.5,2,1,0,0.25,2,1,1,1,65,5120,70,600,45,80,1059860,60,94,170,95,130,1,0
1,1,1,0,1,2,0.5,0.5,1,4,2,2,0.5,0.25,1,0.5,2,4,45,6400,70,385,45,160,1000000,35,95,30,45,70,1,0
2,2,1,1,1,0.5,1,1,2,1,1,1,1,1,0.5,1,1,1,48,5120,70,328,190,45,1000000,60,96,43,90,42,1,0
2,2,1,1,1,0.5,1,1,2,1,1,1,1,1,0.5,1,1,1,73,5120,70,483,75,70,1000000,85,97,73,115,67,1,0
1,1,1,2,1,1,0.5,1,1,2,1,0.5,1,1,1,1,0.5,0.5,105,5120,70,325,225,90,1000000,30,98,25,25,50,1,0
1,1,1,2,1,1,0.5,1,1,2,1,0.5,1,1,1,1,0.5,0.5,130,5120,70,475,60,115,1000000,55,99,50,50,75,1,0
1,1,1,0.5,1,1,1,0.5,1,1,2,1,1,1,1,1,0.5,1,30,5120,70,330,190,50,1000000,40,100,55,55,100,1,0
1,1,1,0.5,1,1,1,0.5,1,1,2,1,1,1,1,1,0.5,1,50,5120,70,490,60,70,1000000,60,101,80,80,150,1,0
4,2,1,0.5,1,0.5,2,2,2,0.5,0.5,2,1,2,0.5,1,1,0.5,40,5120,70,325,90,80,1250000,60,102,60,45,40,1,0
4,2,1,0.5,1,0.5,2,2,2,0.5,0.5,2,1,2,0.5,1,1,0.5,105,5120,70,530,45,85,1250000,95,103,125,75,45,1,0
1,1,1,0,1,1,1,1,1,2,1,2,1,0.5,1,0.5,1,2,50,5120,70,320,190,95,1000000,50,104,40,50,35,1,0
1,1,1,0,1,1,1,1,1,2,1,2,1,0.5,1,0.5,1,2,80,5120,70,425,75,110,1000000,60,105,50,80,45,1,0
0.5,0.5,1,1,2,1,1,2,1,1,1,1,1,1,2,0.5,1,1,120,6400,70,455,45,53,1000000,50,106,35,110,87,1,0
0.5,0.5,1,1,2,1,1,2,1,1,1,1,1,1,2,0.5,1,1,105,6400,70,455,45,79,1000000,50,107,35,110,76,1,0
1,1,1,1,1,2,1,1,0,1,1,1,1,1,1,1,1,1,55,5120,70,385,45,75,1000000,90,108,60,75,30,1,0
0.5,1,1,1,0.5,0.5,1,1,1,0.5,2,1,1,0.5,2,1,1,1,65,5120,70,340,190,95,1000000,40,109,60,45,35,1,0
0.5,1,1,1,0.5,0.5,1,1,1,0.5,2,1,1,0.5,2,1,1,1,90,5120,70,490,60,120,1000000,65,110,85,70,60,1,0
1,1,1,0,1,2,0.5,0.5,1,4,2,2,0.5,0.25,1,0.5,2,4,85,5120,70,345,120,95,1250000,80,111,30,30,25,1,0
1,1,1,0,1,2,0.5,0.5,1,4,2,2,0.5,0.25,1,0.5,2,4,130,5120,70,485,60,120,1250000,105,112,45,45,40,1,0
1,1,1,1,1,2,1,1,0,1,1,1,1,1,1,1,1,1,5,10240,140,450,30,5,800000,250,113,35,105,50,1,0
2,1,1,0.5,1,1,2,2,1,0.5,0.5,2,1,2,1,1,1,0.5,55,5120,70,435,45,115,1000000,65,114,100,40,60,1,0
1,1,1,1,1,2,1,1,0,1,1,1,1,1,1,1,1,1,125,5120,70,590,45,100,1000000,105,115,60,100,100,1,0
1,1,1,2,1,1,0.5,1,1,2,1,0.5,1,1,1,1,0.5,0.5,40,5120,70,295,225,70,1000000,30,116,70,25,60,1,0
1,1,1,2,1,1,0.5,1,1,2,1,0.5,1,1,1,1,0.5,0.5,65,5120,70,440,75,95,1000000,55,117,95,45,85,1,0
1,1,1,2,1,1,0.5,1,1,2,1,0.5,1,1,1,1,0.5,0.5,67,5120,70,320,225,60,1000000,45,118,35,50,63,1,0
1,1,1,2,1,1,0.5,1,1,2,1,0.5,1,1,1,1,0.5,0.5,92,5120,70,450,60,65,1000000,80,119,65,80,68,1,0
1,1,1,2,1,1,0.5,1,1,2,1,0.5,1,1,1,1,0.5,0.5,45,5120,70,340,225,55,1250000,30,120,70,55,85,1,0
2,2,1,2,1,0.5,0.5,1,2,2,1,0.5,1,1,0.5,1,0.5,0.5,75,5120,70,520,60,85,1250000,60,121,100,85,115,1,0
1,1,0,1,1,0.25,1,1,2,1,1,1,1,2,0.5,1,2,1,45,6400,70,460,45,65,1000000,40,122,100,120,90,1,0
0.5,1,1,2,1,0.25,2,2,1,0.25,0,2,1,1,1,4,1,1,110,6400,70,500,45,80,1000000,70,123,55,80,105,1,0
2,2,1,1,1,1,2,1,2,1,1,0.5,1,1,0.5,2,2,1,50,6400,70,455,45,35,1000000,65,124,115,95,95,1,0
1,1,1,0.5,1,1,1,0.5,1,1,2,1,1,1,1,1,0.5,1,83,6400,70,490,45,57,1000000,65,125,95,85,105,1,0
0.5,1,1,1,0.5,1,0.5,1,1,0.5,2,0.5,1,1,1,2,0.5,2,95,6400,70,495,45,57,1000000,65,126,100,85,93,1,0
1,1,1,1,1,0.5,2,2,1,0.5,0.5,1,1,1,1,2,1,1,155,6400,70,600,45,120,1250000,65,127,65,90,105,1,0
1,1,1,1,1,2,1,1,0,1,1,1,1,1,1,1,1,1,100,5120,70,490,45,95,1250000,75,128,40,70,110,1,0
1,1,1,2,1,1,0.5,1,1,2,1,0.5,1,1,1,1,0.5,0.5,10,1280,70,200,255,55,1250000,20,129,15,20,80,1,0
0.5,1,1,4,1,0.5,0.5,1,1,1,0,1,1,1,1,2,0.5,0.5,155,1280,70,640,45,109,1250000,95,130,70,130,81,1,0
1,1,1,2,1,2,1,1,1,2,1,0.25,1,1,1,2,1,0.5,85,10240,70,535,45,80,1250000,130,131,85,95,60,1,0
1,1,1,1,1,2,1,1,0,1,1,1,1,1,1,1,1,1,48,5120,70,288,35,48,1000000,48,132,48,48,48,1,0
1,1,1,1,1,2,1,1,0,1,1,1,1,1,1,1,1,1,55,8960,70,325,45,50,1000000,55,133,45,65,55,1,0
1,1,1,2,1,1,0.5,1,1,2,1,0.5,1,1,1,1,0.5,0.5,65,8960,70,525,45,60,1000000,130,134,110,95,65,1,0
1,1,1,0.5,1,1,1,0.5,1,1,2,1,1,1,1,1,0.5,1,65,8960,70,525,45,60,1000000,65,135,110,95,130,1,0
0.5,1,1,1,0.5,1,0.5,1,1,0.5,2,0.5,1,1,1,2,0.5,2,130,8960,70,525,45,60,1000000,65,136,95,110,65,1,0
1,1,1,1,1,2,1,1,0,1,1,1,1,1,1,1,1,1,60,5120,70,395,45,70,1000000,65,137,85,75,40,1,0
1,1,1,2,1,2,0.25,0.5,1,4,2,0.5,0.5,0.5,1,1,1,1,40,7680,70,355,45,100,1000000,35,138,90,55,35,1,0
1,1,1,2,1,2,0.25,0.5,1,4,2,0.5,0.5,0.5,1,1,1,1,60,7680,70,495,45,125,1000000,70,139,115,70,55,1,0
1,1,1,2,1,2,0.25,0.5,1,4,2,0.5,0.5,0.5,1,1,1,1,80,7680,70,355,45,90,1000000,30,140,55,45,55,1,0
1,1,1,2,1,2,0.25,0.5,1,4,2,0.5,0.5,0.5,1,1,1,1,115,7680,70,495,45,105,1000000,60,141,65,70,80,1,0
0.5,1,1,2,1,1,0.5,0.5,1,1,0,2,0.5,0.5,1,2,2,2,135,8960,70,615,45,85,1250000,80,142,70,95,150,1,0
1,1,1,1,1,2,1,1,0,1,1,1,1,1,1,1,1,1,110,10240,70,540,25,65,1250000,160,143,65,110,30,1,0
0.5,1,1,2,1,1,2,1,1,0.5,0,1,1,1,1,4,2,1,85,20480,35,580,3,100,1250000,90,144,95,125,85,1,1
0.5,1,1,1,1,0.5,1,0.5,1,0.5,0,2,1,1,1,2,0.5,1,90,20480,35,580,3,85,1250000,90,145,125,90,100,1,1
0.25,1,1,2,0.5,0.5,0.5,1,1,0.25,0,1,1,1,1,4,0.5,2,100,20480,35,580,3,90,1250000,90,146,125,85,90,1,1
1,1,2,0.5,2,1,0.5,1,1,0.5,1,2,1,1,1,1,1,0.5,64,10240,35,300,45,45,1250000,41,147,50,50,50,1,0
1,1,2,0.5,2,1,0.5,1,1,0.5,1,2,1,1,1,1,1,0.5,84,10240,35,420,45,65,1250000,61,148,70,70,70,1,0
0.5,1,2,1,2,0.5,0.5,1,1,0.25,0,4,1,1,1,2,1,0.5,134,10240,35,600,45,95,1250000,91,149,100,100,80,1,0
2,2,1,1,1,0.5,1,1,2,1,1,1,1,1,0.5,1,1,1,150,30720,0,780,3,70,1250000,106,150,194,120,140,1,1
2,2,1,1,1,0.5,1,1,2,1,1,1,1,1,0.5,1,1,1,100,30720,100,600,45,100,1059860,100,151,100,100,100,1,1
2,1,1,0.5,1,1,2,2,1,0.5,0.5,2,1,2,1,1,1,0.5,49,5120,70,318,45,65,1059860,45,152,49,65,45,2,0
2,1,1,0.5,1,1,2,2,1,0.5,0.5,2,1,2,1,1,1,0.5,62,5120,70,405,45,80,1059860,60,153,63,80,60,2,0
2,1,1,0.5,1,1,2,2,1,0.5,0.5,2,1,2,1,1,1,0.5,82,5120,70,525,45,100,1059860,80,154,83,100,80,2,0
0.5,1,1,1,0.5,1,0.5,1,1,0.5,2,0.5,1,1,1,2,0.5,2,52,5120,70,309,45,43,1059860,39,155,60,50,65,2,0
0.5,1,1,1,0.5,1,0.5,1,1,0.5,2,0.5,1,1,1,2,0.5,2,64,5120,70,405,45,58,1059860,58,156,80,65,80,2,0
0.5,1,1,1,0.5,1,0.5,1,1,0.5,2,0.5,1,1,1,2,0.5,2,84,5120,70,534,45,78,1059860,78,157,109,85,100,2,0
1,1,1,2,1,1,0.5,1,1,2,1,0.5,1,1,1,1,0.5,0.5,65,5120,70,314,45,64,1059860,50,158,44,48,43,2,0
1,1,1,2,1,1,0.5,1,1,2,1,0.5,1,1,1,1,0.5,0.5,80,5120,70,405,45,80,1059860,65,159,59,63,58,2,0
1,1,1,2,1,1,0.5,1,1,2,1,0.5,1,1,1,1,0.5,0.5,105,5120,70,530,45,100,1059860,85,160,79,83,78,2,0
1,1,1,1,1,2,1,1,0,1,1,1,1,1,1,1,1,1,46,3840,70,215,255,34,1000000,35,161,35,45,20,2,0
1,1,1,1,1,2,1,1,0,1,1,1,1,1,1,1,1,1,76,3840,70,415,90,64,1000000,85,162,45,55,90,2,0
0.5,1,1,2,1,1,1,1,0,0.5,0,2,1,1,1,2,1,1,30,3840,70,262,255,30,1000000,60,163,36,56,50,2,0
0.5,1,1,2,1,1,1,1,0,0.5,0,2,1,1,1,2,1,1,50,3840,70,452,90,50,1000000,100,164,86,96,70,2,0
0.5,1,1,2,1,0.25,2,2,1,0.25,0,2,1,1,1,4,1,1,20,3840,70,265,255,30,800000,40,165,40,80,55,2,0
0.5,1,1,2,1,0.25,2,2,1,0.25,0,2,1,1,1,4,1,1,35,3840,70,390,90,50,800000,55,166,55,110,85,2,0
0.5,1,1,1,0.5,0.25,2,2,1,0.25,1,1,1,0.5,2,2,1,1,60,3840,70,250,255,40,800000,40,167,40,40,30,2,0
0.5,1,1,1,0.5,0.25,2,2,1,0.25,1,1,1,0.5,2,2,1,1,90,3840,70,400,90,70,800000,70,168,60,70,40,2,0
0.25,1,1,2,0.5,0.25,1,1,1,0.25,0,2,1,0.5,2,2,1,1,90,3840,70,535,90,80,1000000,85,169,70,80,130,2,0
1,1,1,1,1,1,0.5,0.5,1,2,2,0.5,1,1,1,1,0.25,0.5,38,5120,70,330,190,38,1250000,75,170,56,56,67,2,0
1,1,1,1,1,1,0.5,0.5,1,2,2,0.5,1,1,1,1,0.25,0.5,58,5120,70,460,75,58,1250000,125,171,76,76,67,2,0
1,1,1,0.5,1,1,1,0.5,1,1,2,1,1,1,1,1,0.5,1,40,2560,70,205,190,15,1000000,20,172,35,35,60,2,0
0.5,0.5,0,1,1,0.5,1,1,1,1,1,1,1,2,1,1,2,1,25,2560,140,218,150,28,800000,50,173,45,55,15,2,0
0.5,0.5,0,1,1,1,1,1,0,1,1,1,1,2,1,1,2,1,30,2560,70,210,170,15,800000,90,174,40,20,15,2,0
0.5,0.5,0,1,1,0.5,1,1,1,1,1,1,1,2,1,1,2,1,20,2560,70,245,190,65,800000,35,175,40,65,20,2,0
0.25,0.5,0,2,1,0.25,1,1,1,0.5,0,2,1,2,1,2,2,1,40,2560,70,405,75,85,800000,55,176,80,105,40,2,0
1,2,1,2,1,0.25,1,1,2,0.5,0,2,1,1,0.5,2,1,1,50,5120,70,320,190,45,1000000,40,177,70,45,70,2,0
1,2,1,2,1,0.25,1,1,2,0.5,0,2,1,1,0.5,2,1,1,75,5120,70,470,75,70,1000000,65,178,95,70,95,2,0
1,1,1,0.5,1,1,1,0.5,1,1,2,1,1,1,1,1,0.5,1,40,5120,70,280,235,40,1059860,55,179,65,45,35,2,0
1,1,1,0.5,1,1,1,0.5,1,1,2,1,1,1,1,1,0.5,1,55,5120,70,365,120,55,1059860,70,180,80,60,45,2,0
1,1,1,0.5,1,1,1,0.5,1,1,2,1,1,1,1,1,0.5,1,95,5120,70,610,45,105,1059860,90,181,165,110,45,2,0
2,1,1,0.5,1,1,2,2,1,0.5,0.5,2,1,2,1,1,1,0.5,80,5120,70,490,45,95,1059860,75,182,90,100,50,2,0
0.5,0.5,0,2,1,0.5,0.5,1,1,2,1,0.5,1,2,1,1,1,0.5,20,2560,70,250,190,50,800000,70,183,20,50,40,2,0
0.5,0.5,0,2,1,0.5,0.5,1,1,2,1,0.5,1,2,1,1,1,0.5,50,2560,70,420,75,80,800000,100,184,60,80,50,2,0
1,1,1,1,1,2,0.5,0.5,1,2,2,1,0.5,0.5,1,1,2,2,100,5120,70,410,65,115,1000000,70,185,30,65,30,2,0
1,1,1,2,1,1,0.5,1,1,2,1,0.5,1,1,1,1,0.5,0.5,75,5120,70,500,45,75,1059860,90,186,90,100,70,2,0
1,1,1,1,1,0.5,2,2,1,0.25,0,4,1,2,1,2,1,0.5,35,5120,70,250,255,40,1059860,35,187,35,55,50,2,0
1,1,1,1,1,0.5,2,2,1,0.25,0,4,1,2,1,2,1,0.5,45,5120,70,340,120,50,1059860,55,188,45,65,80,2,0
1,1,1,1,1,0.5,2,2,1,0.25,0,4,1,2,1,2,1,0.5,55,5120,70,460,45,70,1059860,75,189,55,95,110,2,0
1,1,1,1,1,2,1,1,0,1,1,1,1,1,1,1,1,1,70,5120,70,360,45,55,800000,55,190,40,55,85,2,0
2,1,1,0.5,1,1,2,2,1,0.5,0.5,2,1,2,1,1,1,0.5,30,5120,70,180,235,30,1059860,30,191,30,30,30,2,0
2,1,1,0.5,1,1,2,2,1,0.5,0.5,2,1,2,1,1,1,0.5,75,5120,70,425,120,55,1059860,75,192,105,85,30,2,0
0.5,1,1,2,1,0.25,2,2,1,0.25,0,2,1,1,1,4,1,1,65,5120,70,390,75,45,1000000,65,193,75,45,95,2,0
1,1,1,0,1,1,0.5,1,1,4,1,1,1,0.5,1,0.5,0.5,1,45,5120,70,210,255,45,1000000,55,194,25,25,15,2,0
1,1,1,0,1,1,0.5,1,1,4,1,1,1,0.5,1,0.5,0.5,1,85,5120,70,430,90,85,1000000,95,195,65,65,35,2,0
2,2,1,1,1,0.5,1,1,2,1,1,1,1,1,0.5,1,1,1,65,8960,70,525,45,60,1000000,65,196,130,95,110,2,0
2,0.5,1,1,2,2,1,1,0.5,1,1,1,1,1,0,1,1,1,65,8960,35,525,45,110,1000000,95,197,60,130,65,2,0
1,0.5,1,2,2,1,1,1,0.5,0.5,0,2,1,1,0,2,1,1,85,5120,35,405,30,42,1059860,60,198,85,42,91,2,0
2,2,1,2,1,0.5,0.5,1,2,2,1,0.5,1,1,0.5,1,0.5,0.5,75,5120,70,490,70,80,1000000,95,199,100,110,30,2,0
0.5,2,1,1,1,0,1,1,2,1,1,1,0,0.5,1,1,1,1,60,6400,35,435,45,60,800000,60,200,85,85,85,2,0
2,2,1,1,1,0.5,1,1,2,1,1,1,1,1,0.5,1,1,1,72,10240,70,336,225,48,1000000,48,201,72,48,48,2,0
2,2,1,1,1,0.5,1,1,2,1,1,1,1,1,0.5,1,1,1,33,5120,70,405,45,58,1000000,190,202,33,58,33,2,0
2,2,1,1,1,1,1,1,0,1,1,1,1,1,0.5,1,1,1,80,5120,70,455,60,65,1000000,70,203,90,65,85,2,0
1,1,1,1,1,0.5,2,2,1,0.5,0.5,1,1,1,1,2,1,1,65,5120,70,290,190,90,1000000,50,204,35,35,15,2,0
0.5,1,0.5,1,0.5,1,4,1,1,0.25,1,0.5,0.5,0,0.5,1,0.5,1,90,5120,70,465,75,140,1000000,75,205,60,60,40,2,0
1,1,1,1,1,2,1,1,0,1,1,1,1,1,1,1,1,1,70,5120,70,415,190,70,1000000,100,206,65,65,45,2,0
0.5,1,1,0,1,0.5,1,1,1,1,0,4,1,0.5,1,1,1,2,75,5120,70,430,60,105,1059860,65,207,35,65,85,2,0
0.5,1,0.5,0,0.5,2,2,0.5,1,1,2,1,0.5,0,0.5,0.25,0.5,2,125,6400,70,610,25,230,1000000,75,208,55,95,30,2,0
0.5,0.5,0,1,1,0.5,1,1,1,1,1,1,1,2,1,1,2,1,80,5120,70,300,190,50,800000,60,209,40,40,30,2,0
0.5,0.5,0,1,1,0.5,1,1,1,1,1,1,1,2,1,1,2,1,120,5120,70,450,75,75,800000,90,210,60,60,45,2,0
0.5,1,1,2,0.5,0.5,0.5,1,1,1,2,0.5,1,0.5,2,1,0.5,0.5,95,5120,70,440,45,85,1000000,65,211,55,55,85,2,0
0.5,1,0.5,1,0.5,1,4,1,1,0.25,1,0.5,0.5,0,0.5,1,0.5,1,150,6400,70,600,25,140,1000000,70,212,65,100,75,2,0
1,1,1,1,1,1,1,1,1,1,1,1,0.5,0.5,1,2,2,2,10,5120,70,505,190,230,1059860,20,213,10,230,5,2,0
0.5,0.5,1,1,2,0.5,2,4,1,0.5,0.5,1,1,1,2,1,1,1,185,6400,70,600,45,115,1250000,80,214,40,105,75,2,0
2,0.5,1,1,2,4,2,1,0.5,1,1,0.5,1,1,0,2,2,1,95,5120,35,430,60,55,1059860,55,215,35,75,115,2,0
1,1,1,1,1,2,1,1,0,1,1,1,1,1,1,1,1,1,80,5120,70,330,120,50,1000000,60,216,50,50,40,2,0
1,1,1,1,1,2,1,1,0,1,1,1,1,1,1,1,1,1,130,5120,70,500,60,75,1000000,90,217,75,75,55,2,0
0.5,1,1,1,0.5,1,0.5,1,1,0.5,2,0.5,1,1,1,2,0.5,2,40,5120,70,250,190,40,1000000,40,218,70,40,20,2,0
0.5,1,1,1,0.5,2,0.25,0.5,1,1,4,0.5,0.5,0.5,1,2,1,4,50,5120,70,430,75,120,1000000,60,219,90,80,30,2,0
1,1,1,0,1,2,2,1,1,2,1,1,1,0.5,1,1,2,2,50,5120,70,250,225,40,1250000,50,220,30,30,50,2,0
1,1,1,0,1,2,2,1,1,2,1,1,1,0.5,1,1,2,2,100,5120,70,450,75,80,1250000,100,221,60,60,50,2,0
1,1,1,2,1,2,0.25,0.5,1,4,2,0.5,0.5,0.5,1,1,1,1,55,5120,70,410,60,95,800000,65,222,65,95,35,2,0
1,1,1,2,1,1,0.5,1,1,2,1,0.5,1,1,1,1,0.5,0.5,65,5120,70,300,190,35,1000000,35,223,65,35,65,2,0
1,1,1,2,1,1,0.5,1,1,2,1,0.5,1,1,1,1,0.5,0.5,105,5120,70,480,75,75,1000000,75,224,105,75,45,2,0
0.5,1,1,2,1,1,2,1,1,0.5,0,1,1,1,1,4,2,1,55,5120,70,330,45,45,800000,45,225,65,45,75,2,0
0.5,1,1,4,1,0.5,0.5,1,1,1,0,1,1,1,1,2,0.5,0.5,40,6400,70,485,25,70,1250000,85,226,80,140,70,2,0
0.25,1,0.5,2,0.5,1,2,0.5,1,0.25,0,1,0.5,0,0.5,1,0.5,1,80,6400,70,465,25,140,1250000,65,227,40,70,70,2,0
1,0.5,1,1,1,2,0.5,1,0.5,0.5,2,0.5,1,1,0,2,0.5,2,60,5120,35,330,120,30,1250000,45,228,80,50,65,2,0
1,0.5,1,1,1,2,0.5,1,0.5,0.5,2,0.5,1,1,0,2,0.5,2,90,5120,35,600,45,90,1250000,75,229,140,90,115,2,0
1,1,2,1,2,1,0.25,1,1,1,1,1,1,1,1,1,0.5,0.25,95,5120,70,540,45,95,1000000,75,230,95,95,85,2,0
1,1,1,0,1,1,1,1,1,2,1,2,1,0.5,1,0.5,1,2,60,5120,70,330,120,60,1000000,90,231,40,40,40,2,0
1,1,1,0,1,1,1,1,1,2,1,2,1,0.5,1,0.5,1,2,120,5120,70,500,60,120,1000000,90,232,60,60,50,2,0
1,1,1,1,1,2,1,1,0,1,1,1,1,1,1,1,1,1,80,5120,70,515,45,90,1000000,85,233,105,95,60,2,0
1,1,1,1,1,2,1,1,0,1,1,1,1,1,1,1,1,1,95,5120,70,465,45,62,1250000,73,234,85,65,85,2,0
1,1,1,1,1,2,1,1,0,1,1,1,1,1,1,1,1,1,20,5120,70,250,45,35,800000,55,235,20,45,75,2,0
0.5,0.5,1,1,2,1,1,2,1,1,1,1,1,1,2,0.5,1,1,35,6400,70,210,75,35,1000000,35,236,35,35,35,2,0
0.5,0.5,1,1,2,1,1,2,1,1,1,1,1,1,2,0.5,1,1,95,6400,70,455,45,95,1000000,50,237,35,110,70,2,0
2,2,1,1,1,1,2,1,2,1,1,0.5,1,1,0.5,2,2,1,30,6400,70,305,45,15,1000000,45,238,85,65,65,2,0
1,1,1,0.5,1,1,1,0.5,1,1,2,1,1,1,1,1,0.5,1,63,6400,70,360,45,37,1000000,45,239,65,55,95,2,0
0.5,1,1,1,0.5,1,0.5,1,1,0.5,2,0.5,1,1,1,2,0.5,2,75,6400,70,365,45,37,1000000,45,240,70,55,83,2,0
1,1,1,1,1,2,1,1,0,1,1,1,1,1,1,1,1,1,80,5120,70,490,45,105,1250000,95,241,40,70,100,2,0
1,1,1,1,1,2,1,1,0,1,1,1,1,1,1,1,1,1,10,10240,140,540,30,10,800000,255,242,75,135,55,2,0
1,1,1,0.5,1,1,1,0.5,1,1,2,1,1,1,1,1,0.5,1,85,20480,35,580,3,75,1250000,90,243,115,100,115,2,1
0.5,1,1,1,0.5,1,0.5,1,1,0.5,2,0.5,1,1,1,2,0.5,2,115,20480,35,580,3,85,1250000,115,244,90,75,100,2,1
1,1,1,2,1,1,0.5,1,1,2,1,0.5,1,1,1,1,0.5,0.5,75,20480,35,580,3,115,1250000,100,245,90,115,85,2,1
1,1,1,0,1,2,0.5,0.5,1,4,2,2,0.5,0.25,1,0.5,2,4,64,10240,35,300,45,50,1250000,50,246,45,50,41,2,0
1,1,1,0,1,2,0.5,0.5,1,4,2,2,0.5,0.25,1,0.5,2,4,84,10240,35,410,45,70,1250000,70,247,65,70,51,2,0
2,0.5,1,1,2,4,0.5,0.5,0.5,2,2,1,0.5,0.5,0,1,2,2,164,10240,35,700,45,150,1250000,100,248,95,120,71,2,0
1,2,1,2,1,0.25,1,1,2,0.5,0,2,1,1,0.5,2,1,1,90,30720,0,680,3,130,1250000,106,249,90,154,110,2,1
0.25,1,1,2,0.5,0.5,0.5,1,1,0.25,0,1,1,1,1,4,0.5,2,130,30720,0,680,3,90,1250000,106,250,110,154,90,2,1
4,2,1,0.5,1,0.5,2,2,2,0.5,0.5,2,1,2,0.5,1,1,0.5,100,30720,100,600,45,100,1059860,100,251,100,100,100,2,1
2,1,1,0.5,1,1,2,2,1,0.5,0.5,2,1,2,1,1,1,0.5,45,5120,70,310,45,35,1059860,40,252,65,55,70,3,0
2,1,1,0.5,1,1,2,2,1,0.5,0.5,2,1,2,1,1,1,0.5,65,5120,70,405,45,45,1059860,50,253,85,65,95,3,0
2,1,1,0.5,1,1,2,2,1,0.5,0.5,2,1,2,1,1,1,0.5,110,5120,70,630,45,75,1059860,70,254,145,85,145,3,0
0.5,1,1,1,0.5,1,0.5,1,1,0.5,2,0.5,1,1,1,2,0.5,2,60,5120,70,310,45,40,1059860,45,255,70,50,45,3,0
0.25,0.5,1,1,1,1,0.5,2,1,0.5,2,0.5,1,1,2,1,0.5,2,85,5120,70,405,45,60,1059860,60,256,85,60,55,3,0
0.25,0.5,1,1,1,1,0.5,2,1,0.5,2,0.5,1,1,2,1,0.5,2,160,5120,70,630,45,80,1059860,80,257,130,80,100,3,0
1,1,1,2,1,1,0.5,1,1,2,1,0.5,1,1,1,1,0.5,0.5,70,5120,70,310,45,50,1059860,50,258,50,50,40,3,0
1,1,1,0,1,1,0.5,1,1,4,1,1,1,0.5,1,0.5,0.5,1,85,5120,70,405,45,70,1059860,70,259,60,70,50,3,0
1,1,1,0,1,1,0.5,1,1,4,1,1,1,0.5,1,0.5,0.5,1,150,5120,70,635,45,110,1059860,100,260,95,110,70,3,0
2,0.5,1,1,2,2,1,1,0.5,1,1,1,1,1,0,1,1,1,55,3840,70,220,255,35,1000000,35,261,30,30,35,3,0
2,0.5,1,1,2,2,1,1,0.5,1,1,1,1,1,0,1,1,1,90,3840,70,420,127,70,1000000,70,262,60,60,70,3,0
1,1,1,1,1,2,1,1,0,1,1,1,1,1,1,1,1,1,30,3840,70,240,255,41,1000000,38,263,30,41,60,3,0
1,1,1,1,1,2,1,1,0,1,1,1,1,1,1,1,1,1,70,3840,70,420,90,61,1000000,78,264,50,61,100,3,0
1,1,1,1,1,0.5,2,2,1,0.5,0.5,1,1,1,1,2,1,1,45,3840,70,195,255,35,1000000,45,265,20,30,20,3,0
1,1,1,1,1,0.5,2,2,1,0.5,0.5,1,1,1,1,2,1,1,35,3840,70,205,120,55,1000000,50,266,25,25,15,3,0
0.5,1,1,2,1,0.25,2,2,1,0.25,0,2,1,1,1,4,1,1,70,3840,70,395,45,50,1000000,60,267,100,50,65,3,0
1,1,1,1,1,0.5,2,2,1,0.5,0.5,1,1,1,1,2,1,1,35,3840,70,205,120,55,1000000,50,268,25,25,15,3,0
0.5,1,1,1,0.5,0.25,2,2,1,0.25,1,1,1,0.5,2,2,1,1,50,3840,70,385,45,70,1000000,60,269,50,90,65,3,0
2,1,1,1,1,1,1,2,1,1,0.5,1,1,2,1,1,0.5,0.25,30,3840,70,220,255,30,1059860,40,270,40,50,30,3,0
2,1,1,1,1,1,1,2,1,1,0.5,1,1,2,1,1,0.5,0.25,50,3840,70,340,120,50,1059860,60,271,60,70,50,3,0
2,1,1,1,1,1,1,2,1,1,0.5,1,1,2,1,1,0.5,0.25,70,3840,70,480,45,70,1059860,80,272,90,100,70,3,0
2,1,1,0.5,1,1,2,2,1,0.5,0.5,2,1,2,1,1,1,0.5,40,3840,70,220,255,50,1059860,40,273,30,30,30,3,0
4,0.5,1,0.5,2,2,2,2,0.5,0.5,0.5,2,1,2,0,1,1,0.5,70,3840,70,340,120,40,1059860,70,274,60,40,60,3,0
4,0.5,1,0.5,2,2,2,2,0.5,0.5,0.5,2,1,2,0,1,1,0.5,100,3840,70,480,45,60,1059860,90,275,90,60,80,3,0
0.5,1,1,2,1,1,1,1,0,0.5,0,2,1,1,1,2,1,1,55,3840,70,270,200,30,1059860,40,276,30,30,85,3,0
0.5,1,1,2,1,1,1,1,0,0.5,0,2,1,1,1,2,1,1,85,3840,70,455,45,60,1059860,60,277,75,50,125,3,0
0.5,1,1,4,1,0.5,0.5,1,1,1,0,1,1,1,1,2,0.5,0.5,30,5120,70,270,190,30,1000000,40,278,55,30,85,3,0
0.5,1,1,4,1,0.5,0.5,1,1,1,0,1,1,1,1,2,0.5,0.5,50,5120,70,440,45,100,1000000,60,279,95,70,65,3,0
1,1,0,1,1,0.25,1,1,2,1,1,1,1,2,0.5,1,2,1,25,5120,35,198,235,25,1250000,28,280,45,35,40,3,0
1,1,0,1,1,0.25,1,1,2,1,1,1,1,2,0.5,1,2,1,35,5120,35,278,120,35,1250000,38,281,65,55,50,3,0
1,1,0,1,1,0.25,1,1,2,1,1,1,1,2,0.5,1,2,1,85,5120,35,618,45,65,1250000,68,282,165,135,100,3,0
1,1,1,2,1,0.5,1,2,1,1,0.5,0.5,1,1,1,2,0.5,0.5,30,3840,70,269,200,32,1000000,40,283,50,52,65,3,0
0.5,1,1,2,1,0.25,2,2,1,0.25,0,2,1,1,1,4,1,1,60,3840,70,454,75,62,1000000,70,284,100,82,80,3,0
2,1,1,0.5,1,1,2,2,1,0.5,0.5,2,1,2,1,1,1,0.5,40,3840,70,295,255,60,1640000,60,285,40,60,35,3,0
1,0.5,1,0.5,2,1,2,4,1,0.5,0.5,2,1,2,2,0.5,1,0.5,130,3840,70,460,90,80,1640000,60,286,60,60,70,3,0
1,1,1,1,1,2,1,1,0,1,1,1,1,1,1,1,1,1,60,3840,70,280,255,60,1250000,60,287,35,35,30,3,0
1,1,1,1,1,2,1,1,0,1,1,1,1,1,1,1,1,1,80,3840,70,440,120,80,1250000,80,288,55,55,90,3,0
1,1,1,1,1,2,1,1,0,1,1,1,1,1,1,1,1,1,160,3840,70,670,45,100,1250000,150,289,95,65,100,3,0
1,1,1,0,1,0.5,2,2,1,1,0.5,2,1,0.5,1,1,1,2,45,3840,70,266,255,90,600000,31,290,30,30,40,3,0
0.5,1,1,2,1,0.25,2,2,1,0.25,0,2,1,1,1,4,1,1,90,3840,70,456,120,45,600000,61,291,50,50,160,3,0
0.5,2,1,1,1,0,2,2,2,0.5,0.5,1,0,0.5,1,2,1,1,90,3840,70,236,45,45,600000,1,292,30,30,40,3,0
1,1,1,1,1,2,1,1,0,1,1,1,1,1,1,1,1,1,51,5120,70,240,190,23,1059860,64,293,51,23,28,3,0
1,1,1,1,1,2,1,1,0,1,1,1,1,1,1,1,1,1,71,5120,70,360,120,43,1059860,84,294,71,43,48,3,0
1,1,1,1,1,2,1,1,0,1,1,1,1,1,1,1,1,1,91,5120,70,490,45,63,1059860,104,295,91,73,68,3,0
0.5,0.5,1,1,2,1,1,2,1,1,1,1,1,1,2,0.5,1,1,60,5120,70,237,180,30,1640000,72,296,20,30,25,3,0
0.5,0.5,1,1,2,1,1,2,1,1,1,1,1,1,2,0.5,1,1,120,5120,70,474,200,60,1640000,144,297,40,60,50,3,0
0.5,0.5,0,1,1,1,1,1,0,1,1,1,1,2,1,1,2,1,20,2560,70,190,150,40,800000,50,298,20,40,20,3,0
1,1,1,1,1,2,0.5,0.5,1,2,2,1,0.5,0.5,1,1,2,2,45,5120,70,375,255,135,1000000,30,299,45,90,30,3,0
1,1,1,1,1,2,1,1,0,1,1,1,1,1,1,1,1,1,45,3840,70,260,255,45,800000,50,300,35,35,50,3,0
1,1,1,1,1,2,1,1,0,1,1,1,1,1,1,1,1,1,65,3840,70,400,60,65,800000,70,301,55,55,90,3,0
1,1,1,1,2,0,1,1,1,1,1,1,0,0.5,0,1,1,1,85,6400,35,480,45,125,1059860,50,302,85,115,20,3,0
0.25,0.5,0,1,0.5,1,2,0.5,1,0.5,2,0.5,0.5,0,0.5,0.5,1,1,105,5120,70,480,45,125,800000,50,303,55,95,50,3,0
0.5,1,0.5,1,0.5,4,1,0.25,1,1,4,0.5,0.25,0,0.5,0.5,1,2,70,8960,35,330,180,100,1250000,50,304,40,40,30,3,0
0.5,1,0.5,1,0.5,4,1,0.25,1,1,4,0.5,0.25,0,0.5,0.5,1,2,90,8960,35,430,90,140,1250000,60,305,50,50,40,3,0
0.5,1,0.5,1,0.5,4,1,0.25,1,1,4,0.5,0.25,0,0.5,0.5,1,2,140,8960,35,630,45,230,1250000,70,306,60,80,50,3,0
1,1,1,1,2,0.5,1,2,2,1,1,1,1,1,1,0.5,1,1,40,5120,70,280,180,55,1000000,30,307,40,55,60,3,0
1,1,1,1,2,0.5,1,2,2,1,1,1,1,1,1,0.5,1,1,100,5120,70,510,90,85,1000000,60,308,80,85,100,3,0
1,1,1,0.5,1,1,1,0.5,1,1,2,1,1,1,1,1,0.5,1,45,5120,70,295,120,40,1250000,40,309,65,40,65,3,0
1,1,1,0.5,1,1,1,0.5,1,1,2,1,1,1,1,1,0.5,1,75,5120,70,575,45,80,1250000,70,310,135,80,135,3,0
1,1,1,0.5,1,1,1,0.5,1,1,2,1,1,1,1,1,0.5,1,50,5120,70,405,200,40,1000000,60,311,85,75,95,3,0
1,1,1,0.5,1,1,1,0.5,1,1,2,1,1,1,1,1,0.5,1,40,5120,70,405,200,50,1000000,60,312,75,85,95,3,0
1,1,1,1,1,0.5,2,2,1,0.5,0.5,1,1,1,1,2,1,1,73,3840,70,430,150,75,600000,65,313,47,85,85,3,0
1,1,1,1,1,0.5,2,2,1,0.5,0.5,1,1,1,1,2,1,1,47,3840,70,430,150,75,1640000,65,314,73,85,85,3,0
1,1,1,0.5,0.5,0.5,2,2,1,0.25,1,2,1,1,2,1,1,0.5,60,5120,70,400,150,45,1059860,50,315,100,80,65,3,0
0.5,1,1,1,0.5,0.5,1,1,1,0.5,2,1,1,0.5,2,1,1,1,43,5120,70,302,225,53,1640000,70,316,43,53,40,3,0
0.5,1,1,1,0.5,0.5,1,1,1,0.5,2,1,1,0.5,2,1,1,1,73,5120,70,467,75,83,1640000,100,317,73,83,55,3,0
2,0.5,1,2,2,2,0.5,1,0.5,2,1,0.5,1,1,0,1,0.5,0.5,90,5120,35,305,225,20,1250000,45,318,65,20,65,3,0
2,0.5,1,2,2,2,0.5,1,0.5,2,1,0.5,1,1,0,1,0.5,0.5,140,5120,35,560,60,70,1250000,70,319,110,65,105,3,0
1,1,1,2,1,1,0.5,1,1,2,1,0.5,1,1,1,1,0.5,0.5,70,10240,70,400,125,35,1640000,130,320,70,35,60,3,0
1,1,1,2,1,1,0.5,1,1,2,1,0.5,1,1,1,1,0.5,0.5,90,10240,70,500,60,45,1640000,170,321,90,45,60,3,0
0.5,1,1,0,0.5,1,0.5,1,1,1,2,1,1,0.5,1,1,0.5,4,60,5120,70,305,255,40,1000000,60,322,65,45,35,3,0
0.5,1,1,0,0.5,1,0.5,1,1,1,2,1,1,0.5,1,1,0.5,4,120,5120,70,560,150,100,1000000,70,323,145,105,20,3,0
0.5,1,1,1,0.5,1,0.5,1,1,0.5,2,0.5,1,1,1,2,0.5,2,85,5120,70,470,90,140,1000000,70,324,85,70,20,3,0
2,2,1,1,1,0.5,1,1,2,1,1,1,1,1,0.5,1,1,1,25,5120,70,330,255,35,800000,60,325,70,80,60,3,0
2,2,1,1,1,0.5,1,1,2,1,1,1,1,1,0.5,1,1,1,45,5120,70,470,60,65,800000,80,326,90,110,80,3,0
1,1,1,1,1,2,1,1,0,1,1,1,1,1,1,1,1,1,60,3840,70,360,255,60,800000,60,327,60,60,60,3,0
1,1,1,0,1,1,1,1,1,2,1,2,1,0.5,1,0.5,1,2,100,5120,70,290,255,45,1059860,45,328,45,45,10,3,0
1,1,2,0,2,1,0.5,1,1,1,1,4,1,0.5,1,0.5,1,1,70,5120,70,340,120,50,1059860,50,329,50,50,70,3,0
1,1,2,0,2,1,0.5,1,1,1,1,4,1,0.5,1,0.5,1,1,100,5120,70,520,45,80,1059860,80,330,80,80,100,3,0
2,1,1,0.5,1,1,2,2,1,0.5,0.5,2,1,2,1,1,1,0.5,85,5120,35,335,190,40,1059860,50,331,85,40,35,3,0
4,0.5,1,0.5,2,2,2,2,0.5,0.5,0.5,2,1,2,0,1,1,0.5,115,5120,35,475,60,60,1059860,70,332,115,60,55,3,0
0.5,1,1,2,1,1,1,1,0,0.5,0,2,1,1,1,2,1,1,40,5120,70,310,255,60,600000,45,333,40,75,50,3,0
0.5,1,2,1,2,0.5,0.5,1,1,0.25,0,4,1,1,1,2,1,0.5,110,5120,70,590,45,110,600000,75,334,110,105,80,3,0
1,1,1,1,1,2,1,1,0,1,1,1,1,1,1,1,1,1,115,5120,70,458,90,60,600000,73,335,60,60,90,3,0
0.5,1,1,1,0.5,0.5,1,1,1,0.5,2,1,1,0.5,2,1,1,1,100,5120,70,458,90,60,1640000,73,336,100,60,65,3,0
2,2,1,1,1,1,0.5,0.5,2,2,2,1,0.5,0.5,0.5,1,2,2,55,6400,70,460,45,65,800000,90,337,95,85,70,3,0
2,2,1,1,1,1,0.5,0.5,2,2,2,1,0.5,0.5,0.5,1,2,2,95,6400,70,460,45,85,800000,90,338,55,65,70,3,0
1,1,1,0,1,1,0.5,1,1,4,1,1,1,0.5,1,0.5,0.5,1,48,5120,70,288,190,43,1000000,50,339,46,41,60,3,0
1,1,1,0,1,1,0.5,1,1,4,1,1,1,0.5,1,0.5,0.5,1,78,5120,70,468,75,73,1000000,110,340,76,71,60,3,0
1,1,1,2,1,1,0.5,1,1,2,1,0.5,1,1,1,1,0.5,0.5,80,3840,70,308,205,65,1640000,43,341,50,35,35,3,0
2,0.5,1,2,2,2,0.5,1,0.5,2,1,0.5,1,1,0,1,0.5,0.5,120,3840,70,468,155,85,1640000,63,342,90,55,55,3,0
2,2,1,0,1,0.5,1,1,2,2,1,2,1,0.5,0.5,0.5,1,2,40,5120,70,300,255,55,1000000,40,343,40,70,55,3,0
2,2,1,0,1,0.5,1,1,2,2,1,2,1,0.5,0.5,0.5,1,2,70,5120,70,500,90,105,1000000,60,344,70,120,75,3,0
2,1,1,0.5,1,2,1,1,1,1,1,2,0.5,1,1,1,2,1,41,7680,70,355,45,77,600000,66,345,61,87,23,3,0
2,1,1,0.5,1,2,1,1,1,1,1,2,0.5,1,1,1,2,1,81,7680,70,495,45,97,600000,86,346,81,107,43,3,0
1,1,1,1,1,1,1,1,1,1,1,1,0.5,0.5,1,2,2,2,95,7680,70,355,45,50,600000,45,347,40,50,75,3,0
1,1,1,1,1,1,1,1,1,1,1,1,0.5,0.5,1,2,2,2,125,7680,70,495,45,100,600000,75,348,70,80,45,3,0
1,1,1,2,1,1,0.5,1,1,2,1,0.5,1,1,1,1,0.5,0.5,15,5120,70,200,255,20,600000,20,349,10,55,80,3,0
1,1,1,2,1,1,0.5,1,1,2,1,0.5,1,1,1,1,0.5,0.5,60,5120,70,540,60,79,600000,95,350,100,125,81,3,0
1,1,1,1,1,2,1,1,0,1,1,1,1,1,1,1,1,1,70,6400,70,420,45,70,1000000,70,351,70,70,70,3,0
1,1,1,1,1,2,1,1,0,1,1,1,1,1,1,1,1,1,90,5120,70,440,200,70,1059860,60,352,60,120,40,3,0
0.5,2,1,1,1,0,1,1,2,1,1,1,0,0.5,1,1,1,1,75,6400,35,295,225,35,800000,44,353,63,33,45,3,0
0.5,2,1,1,1,0,1,1,2,1,1,1,0,0.5,1,1,1,1,165,6400,35,555,45,75,800000,64,354,93,83,75,3,0
0.5,2,1,1,1,0,1,1,2,1,1,1,0,0.5,1,1,1,1,40,6400,35,295,190,90,800000,20,355,30,90,25,3,0
0.5,2,1,1,1,0,1,1,2,1,1,1,0,0.5,1,1,1,1,70,6400,35,455,90,130,800000,40,356,60,130,25,3,0
1,1,1,1,1,0.5,2,2,1,0.25,0,4,1,2,1,2,1,0.5,68,6400,70,460,200,83,1250000,99,357,72,87,51,3,0
2,2,1,1,1,0.5,1,1,2,1,1,1,1,1,0.5,1,1,1,50,6400,70,455,45,80,800000,75,358,95,90,65,3,0
2,0.5,1,1,2,2,1,1,0.5,1,1,1,1,1,0,1,1,1,150,6400,35,565,30,60,1059860,65,359,115,60,115,3,0
2,2,1,1,1,0.5,1,1,2,1,1,1,1,1,0.5,1,1,1,23,5120,70,260,125,48,1000000,95,360,23,48,23,3,0
1,1,1,1,1,2,2,1,1,1,1,0.5,1,1,1,2,2,1,50,5120,70,300,190,50,1000000,50,361,50,50,50,3,0
1,1,1,1,1,2,2,1,1,1,1,0.5,1,1,1,2,2,1,120,5120,70,580,75,80,1000000,80,362,120,80,100,3,0
1,1,1,2,1,2,1,1,1,2,1,0.25,1,1,1,2,1,0.5,40,5120,70,290,255,50,1059860,70,363,55,50,25,3,0
1,1,1,2,1,2,1,1,1,2,1,0.25,1,1,1,2,1,0.5,60,5120,70,410,120,70,1059860,90,364,75,70,45,3,0
1,1,1,2,1,2,1,1,1,2,1,0.25,1,1,1,2,1,0.5,80,5120,70,530,45,90,1059860,110,365,95,90,65,3,0
1,1,1,2,1,1,0.5,1,1,2,1,0.5,1,1,1,1,0.5,0.5,64,5120,70,345,255,85,600000,35,366,74,55,32,3,0
1,1,1,2,1,1,0.5,1,1,2,1,0.5,1,1,1,1,0.5,0.5,104,5120,70,485,60,105,600000,55,367,94,75,52,3,0
1,1,1,2,1,1,0.5,1,1,2,1,0.5,1,1,1,1,0.5,0.5,84,5120,70,485,60,105,600000,55,368,114,75,52,3,0
1,1,1,2,1,2,0.25,0.5,1,4,2,0.5,0.5,0.5,1,1,1,1,90,10240,70,485,25,130,1250000,100,369,45,65,55,3,0
1,1,1,2,1,1,0.5,1,1,2,1,0.5,1,1,1,1,0.5,0.5,30,5120,70,330,225,55,800000,43,370,40,65,97,3,0
1,1,2,0.5,2,1,0.5,1,1,0.5,1,2,1,1,1,1,1,0.5,75,10240,35,300,45,60,1250000,45,371,40,30,50,3,0
1,1,2,0.5,2,1,0.5,1,1,0.5,1,2,1,1,1,1,1,0.5,95,10240,35,420,45,100,1250000,65,372,60,50,50,3,0
0.5,1,2,1,2,0.5,0.5,1,1,0.25,0,4,1,1,1,2,1,0.5,145,10240,35,700,45,130,1250000,95,373,120,90,120,3,0
1,2,0.5,1,0.5,1,2,0.5,2,0.5,2,0.5,0.5,0,0.25,0.5,0.5,1,55,10240,35,300,3,80,1250000,40,374,35,60,30,3,0
1,2,0.5,1,0.5,1,2,0.5,2,0.5,2,0.5,0.5,0,0.25,0.5,0.5,1,75,10240,35,420,3,100,1250000,60,375,55,80,50,3,0
1,2,0.5,1,0.5,1,2,0.5,2,0.5,2,0.5,0.5,0,0.25,0.5,0.5,1,145,10240,35,700,3,150,1250000,80,376,105,110,110,3,0
1,1,1,1,1,2,0.5,0.5,1,2,2,1,0.5,0.5,1,1,2,2,100,20480,35,580,3,200,1250000,80,377,50,100,50,3,1
1,1,1,1,1,2,2,1,1,1,1,0.5,1,1,1,2,2,1,50,20480,35,580,3,100,1250000,80,378,100,200,50,3,1
0.5,1,0.5,1,0.5,2,2,0.5,1,0.5,2,0.5,0.5,0,0.5,0.5,0.5,1,75,20480,35,580,3,150,1250000,80,379,75,150,50,3,1
2,2,2,0.5,2,0.5,0.5,1,2,0.5,1,2,1,1,0.5,1,1,0.5,100,30720,90,700,3,120,1250000,80,380,140,150,110,3,1
2,2,2,0.5,2,0.5,0.5,1,2,0.5,1,2,1,1,0.5,1,1,0.5,130,30720,90,700,3,100,1250000,80,381,160,120,110,3,1
1,1,1,2,1,1,0.5,1,1,2,1,0.5,1,1,1,1,0.5,0.5,150,30720,0,770,3,90,1250000,100,382,180,160,90,3,1
1,1,1,0,1,1,1,1,1,2,1,2,1,0.5,1,0.5,1,2,180,30720,0,770,3,160,1250000,100,383,150,90,90,3,1
0.5,1,2,1,2,0.5,0.5,1,1,0.25,0,4,1,1,1,2,1,0.5,180,30720,0,780,45,100,1250000,105,384,180,100,115,3,1
1,2,0.5,1,0.5,1,2,0.5,2,0.5,2,0.5,0.5,0,0.25,0.5,0.5,1,100,30720,100,600,3,100,1250000,100,385,100,100,100,3,1
2,2,1,1,1,0.5,1,1,2,1,1,1,1,1,0.5,1,1,1,95,30720,0,600,3,90,1250000,50,386,95,90,180,3,1
2,1,1,0.5,1,1,2,2,1,0.5,0.5,2,1,2,1,1,1,0.5,68,5120,70,318,45,64,1059860,55,387,45,55,31,4,0
2,1,1,0.5,1,1,2,2,1,0.5,0.5,2,1,2,1,1,1,0.5,89,5120,70,405,45,85,1059860,75,388,55,65,36,4,0
2,1,1,0,1,1,2,2,1,1,0.5,4,1,1,1,0.5,1,1,109,5120,70,525,45,105,1059860,95,389,75,85,56,4,0
0.5,1,1,1,0.5,1,0.5,1,1,0.5,2,0.5,1,1,1,2,0.5,2,58,5120,70,309,45,44,1059860,44,390,58,44,61,4,0
0.25,0.5,1,1,1,1,0.5,2,1,0.5,2,0.5,1,1,2,1,0.5,2,78,5120,70,405,45,52,1059860,64,391,78,52,81,4,0
0.25,0.5,1,1,1,1,0.5,2,1,0.5,2,0.5,1,1,2,1,0.5,2,104,5120,70,534,45,71,1059860,76,392,104,71,108,4,0
1,1,1,2,1,1,0.5,1,1,2,1,0.5,1,1,1,1,0.5,0.5,51,5120,70,314,45,53,1059860,53,393,61,56,40,4,0
1,1,1,2,1,1,0.5,1,1,2,1,0.5,1,1,1,1,0.5,0.5,66,5120,70,405,45,68,1059860,64,394,81,76,50,4,0
0.5,1,0.5,2,0.5,2,1,0.5,1,1,2,0.25,0.5,0,0.5,0.5,0.25,0.5,86,5120,70,530,45,88,1059860,84,395,111,101,60,4,0
0.5,1,1,2,1,1,1,1,0,0.5,0,2,1,1,1,2,1,1,55,3840,70,245,255,30,1059860,40,396,30,30,60,4,0
0.5,1,1,2,1,1,1,1,0,0.5,0,2,1,1,1,2,1,1,75,3840,70,340,120,50,1059860,55,397,40,40,80,4,0
0.5,1,1,2,1,1,1,1,0,0.5,0,2,1,1,1,2,1,1,120,3840,70,485,45,70,1059860,85,398,50,60,100,4,0
1,1,1,1,1,2,1,1,0,1,1,1,1,1,1,1,1,1,45,3840,70,250,255,40,1000000,59,399,35,40,31,4,0
1,1,1,2,1,2,0.5,1,0,2,1,0.5,1,1,1,1,0.5,0.5,85,3840,70,410,127,60,1000000,79,400,55,60,71,4,0
1,1,1,1,1,0.5,2,2,1,0.5,0.5,1,1,1,1,2,1,1,25,3840,70,194,255,41,1059860,37,401,25,41,25,4,0
1,1,1,1,1,0.5,2,2,1,0.5,0.5,1,1,1,1,2,1,1,85,3840,70,384,45,51,1059860,77,402,55,51,65,4,0
1,1,1,0.5,1,1,1,0.5,1,1,2,1,1,1,1,1,0.5,1,65,5120,70,263,235,34,1059860,45,403,40,34,45,4,0
1,1,1,0.5,1,1,1,0.5,1,1,2,1,1,1,1,1,0.5,1,85,5120,100,363,120,49,1059860,60,404,60,49,60,4,0
1,1,1,0.5,1,1,1,0.5,1,1,2,1,1,1,1,1,0.5,1,120,5120,70,523,45,79,1059860,80,405,95,79,70,4,0
1,1,1,0.5,0.5,0.5,2,2,1,0.25,1,2,1,1,2,1,1,0.5,30,5120,70,280,255,35,1059860,40,406,50,70,55,4,0
1,1,1,0.5,0.5,0.5,2,2,1,0.25,1,2,1,1,2,1,1,0.5,70,5120,70,515,75,65,1059860,60,407,125,105,90,4,0
1,1,1,1,1,2,0.5,0.5,1,2,2,1,0.5,0.5,1,1,2,2,125,7680,70,350,45,40,600000,67,408,30,30,58,4,0
1,1,1,1,1,2,0.5,0.5,1,2,2,1,0.5,0.5,1,1,2,2,165,7680,70,495,45,60,600000,97,409,65,50,58,4,0
0.5,1,0.5,1,0.5,4,1,0.25,1,1,4,0.5,0.25,0,0.5,0.5,1,2,42,7680,70,350,45,118,600000,30,410,42,88,30,4,0
0.5,1,0.5,1,0.5,4,1,0.25,1,1,4,0.5,0.25,0,0.5,0.5,1,2,52,7680,70,495,45,168,600000,60,411,47,138,30,4,0
1,1,1,1,1,0.5,2,2,1,0.5,0.5,1,1,1,1,2,1,1,29,3840,70,224,120,45,1000000,40,412,29,45,36,4,0
2,1,1,0.5,1,0.5,4,4,1,0.25,0.25,2,1,2,1,2,1,0.5,69,3840,70,424,45,95,1000000,60,413,69,95,36,4,0
0.5,1,1,2,1,0.25,2,2,1,0.25,0,2,1,1,1,4,1,1,94,3840,70,424,45,50,1000000,70,414,94,50,66,4,0
0.5,1,1,2,1,0.25,2,2,1,0.25,0,2,1,1,1,4,1,1,30,3840,70,244,120,42,1059860,30,415,30,42,70,4,0
0.5,1,1,2,1,0.25,2,2,1,0.25,0,2,1,1,1,4,1,1,80,3840,70,474,45,102,1059860,70,416,80,102,40,4,0
1,1,1,0.5,1,1,1,0.5,1,1,2,1,1,1,1,1,0.5,1,45,2560,100,405,200,70,1000000,60,417,45,90,95,4,0
1,1,1,2,1,1,0.5,1,1,2,1,0.5,1,1,1,1,0.5,0.5,65,5120,70,330,190,35,1000000,55,418,60,30,85,4,0
1,1,1,2,1,1,0.5,1,1,2,1,0.5,1,1,1,1,0.5,0.5,105,5120,70,495,75,55,1000000,85,419,85,50,115,4,0
2,1,1,0.5,1,1,2,2,1,0.5,0.5,2,1,2,1,1,1,0.5,35,5120,70,275,190,45,1000000,45,420,62,53,35,4,0
2,1,1,0.5,1,1,2,2,1,0.5,0.5,2,1,2,1,1,1,0.5,60,5120,70,450,75,70,1000000,70,421,87,78,85,4,0
1,1,1,2,1,1,0.5,1,1,2,1,0.5,1,1,1,1,0.5,0.5,48,5120,70,325,190,48,1000000,76,422,57,62,34,4,0
1,1,1,0,1,1,0.5,1,1,4,1,1,1,0.5,1,0.5,0.5,1,83,5120,70,475,75,68,1000000,111,423,92,82,39,4,0
1,1,1,1,1,2,1,1,0,1,1,1,1,1,1,1,1,1,100,5120,100,482,45,66,800000,75,424,60,66,115,4,0
0.25,2,1,2,1,0,1,1,2,0.5,0,2,0,0.5,1,2,1,1,50,7680,70,348,125,34,1640000,90,425,60,44,70,4,0
0.25,2,1,2,1,0,1,1,2,0.5,0,2,0,0.5,1,2,1,1,80,7680,70,498,60,44,1640000,150,426,90,54,80,4,0
1,1,1,1,1,2,1,1,0,1,1,1,1,1,1,1,1,1,66,5120,0,350,190,44,1000000,55,427,44,56,85,4,0
1,1,1,1,1,2,1,1,0,1,1,1,1,1,1,1,1,1,136,5120,140,580,60,94,1000000,65,428,54,96,135,4,0
0.5,2,1,1,1,0,1,1,2,1,1,1,0,0.5,1,1,1,1,60,6400,35,495,45,60,800000,60,429,105,105,105,4,0
1,0.5,1,2,2,1,1,1,0.5,0.5,0,2,1,1,0,2,1,1,125,5120,35,505,30,52,1059860,100,430,105,52,71,4,0
1,1,1,1,1,2,1,1,0,1,1,1,1,1,1,1,1,1,55,5120,70,310,190,42,800000,49,431,42,37,85,4,0
1,1,1,1,1,2,1,1,0,1,1,1,1,1,1,1,1,1,82,5120,70,452,75,64,800000,71,432,64,59,112,4,0
2,2,1,1,1,0.5,1,1,2,1,1,1,1,1,0.5,1,1,1,30,6400,70,285,120,50,800000,45,433,65,50,45,4,0
1,0.5,1,1,1,1,1,1,0.5,0.5,2,1,1,0.5,0,1,1,1,63,5120,70,329,225,47,1000000,63,434,41,41,74,4,0
1,0.5,1,1,1,1,1,1,0.5,0.5,2,1,1,0.5,0,1,1,1,93,5120,70,479,60,67,1000000,103,435,71,61,84,4,0
1,2,0.5,1,0.5,1,2,0.5,2,0.5,2,0.5,0.5,0,0.25,0.5,0.5,1,24,5120,70,300,255,86,1000000,57,436,24,86,23,4,0
1,2,0.5,1,0.5,1,2,0.5,2,0.5,2,0.5,0.5,0,0.25,0.5,0.5,1,89,5120,70,500,90,116,1000000,67,437,79,116,33,4,0
1,1,1,1,1,2,0.5,0.5,1,2,2,1,0.5,0.5,1,1,2,2,80,5120,70,290,255,95,1000000,50,438,10,45,10,4,0
1,1,0,1,1,0.25,1,1,2,1,1,1,1,2,0.5,1,2,1,25,6400,70,310,145,45,1000000,20,439,70,90,60,4,0
1,1,1,1,1,2,1,1,0,1,1,1,1,1,1,1,1,1,5,10240,140,220,130,5,800000,100,440,15,65,30,4,0
0.5,1,1,2,1,1,1,1,0,0.5,0,2,1,1,1,2,1,1,65,5120,35,411,30,45,1059860,76,441,92,42,91,4,0
1,1,1,1,2,0,1,1,1,1,1,1,0,0.5,0,1,1,1,92,7680,70,485,100,108,1000000,50,442,92,108,35,4,0
1,1,2,0,2,1,0.5,1,1,1,1,4,1,0.5,1,0.5,1,1,70,10240,70,300,45,45,1250000,58,443,40,45,42,4,0
1,1,2,0,2,1,0.5,1,1,1,1,4,1,0.5,1,0.5,1,1,90,10240,70,410,45,65,1250000,68,444,50,55,82,4,0
1,1,2,0,2,1,0.5,1,1,1,1,4,1,0.5,1,0.5,1,1,170,10240,70,700,45,115,1250000,108,445,120,95,92,4,0
1,1,1,1,1,2,1,1,0,1,1,1,1,1,1,1,1,1,85,10240,70,390,50,40,1250000,135,446,40,85,5,4,0
0.5,0.5,1,1,2,1,1,2,1,1,1,1,1,1,2,0.5,1,1,70,6400,70,285,75,40,1059860,40,447,35,40,60,4,0
0.25,0.5,0.5,1,1,2,2,1,1,0.5,2,0.5,0.5,0,1,0.25,0.5,1,145,6400,70,625,45,88,1059860,70,448,140,70,112,4,0
1,1,1,0,1,1,1,1,1,2,1,2,1,0.5,1,0.5,1,2,72,7680,70,330,140,78,1250000,68,449,38,42,32,4,0
1,1,1,0,1,1,1,1,1,2,1,2,1,0.5,1,0.5,1,2,112,7680,70,525,60,118,1250000,108,450,68,72,47,4,0
0.5,1,1,1,0.5,0.25,2,2,1,0.25,1,1,1,0.5,2,2,1,1,50,5120,70,330,120,90,1250000,40,451,30,55,65,4,0
1,0.5,1,1,1,1,1,1,0.5,0.5,2,1,1,0.5,0,1,1,1,90,5120,70,500,45,110,1250000,70,452,60,75,95,4,0
0.25,0.5,1,1,1,0.5,1,2,1,0.5,2,1,1,0.5,4,0.5,1,1,61,2560,100,300,140,40,1000000,48,453,61,40,50,4,0
0.25,0.5,1,1,1,0.5,1,2,1,0.5,2,1,1,0.5,4,0.5,1,1,106,5120,70,490,75,65,1000000,83,454,86,65,85,4,0
2,1,1,0.5,1,1,2,2,1,0.5,0.5,2,1,2,1,1,1,0.5,100,6400,70,454,200,72,1250000,74,455,90,72,46,4,0
1,1,1,2,1,1,0.5,1,1,2,1,0.5,1,1,1,1,0.5,0.5,49,5120,70,330,190,56,600000,49,456,49,61,66,4,0
1,1,1,2,1,1,0.5,1,1,2,1,0.5,1,1,1,1,0.5,0.5,69,5120,70,460,75,76,600000,69,457,69,86,91,4,0
0.5,1,1,4,1,0.5,0.5,1,1,1,0,1,1,1,1,2,0.5,0.5,20,6400,70,345,25,50,1250000,45,458,60,120,50,4,0
2,1,1,0.5,1,2,4,2,1,0.5,0.5,1,1,2,1,2,2,0.5,62,5120,70,334,120,50,1250000,60,459,62,60,40,4,0
2,1,1,0.5,1,2,4,2,1,0.5,0.5,1,1,2,1,2,2,0.5,132,5120,70,594,60,105,1250000,90,460,132,105,30,4,0
2,0.5,1,1,2,4,2,1,0.5,1,1,0.5,1,1,0,2,2,1,120,5120,35,510,45,65,1059860,70,461,45,85,125,4,0
0.5,1,0.5,0.5,0.5,2,2,0.25,1,0.5,4,0.5,0.5,0,0.5,0.5,0.25,1,70,5120,70,535,30,115,1000000,70,462,130,90,60,4,0
1,1,1,1,1,2,1,1,0,1,1,1,1,1,1,1,1,1,85,5120,70,515,30,95,1000000,110,463,80,95,50,4,0
1,1,1,0,1,2,0.5,0.5,1,4,2,2,0.5,0.25,1,0.5,2,4,140,5120,70,535,30,130,1250000,115,464,55,55,40,4,0
2,1,1,0.5,1,1,2,2,1,0.5,0.5,2,1,2,1,1,1,0.5,100,5120,70,535,30,125,1000000,100,465,110,50,50,4,0
1,1,1,0.5,1,1,1,0.5,1,1,2,1,1,1,1,1,0.5,1,123,6400,70,540,30,67,1000000,75,466,95,85,95,4,0
0.5,1,1,1,0.5,1,0.5,1,1,0.5,2,0.5,1,1,1,2,0.5,2,95,6400,70,540,30,67,1000000,75,467,125,95,83,4,0
0.25,0.5,0,2,1,0.25,1,1,1,0.5,0,2,1,2,1,2,2,1,50,2560,70,545,30,95,800000,85,468,120,115,80,4,0
0.5,1,1,2,1,0.25,2,2,1,0.25,0,2,1,1,1,4,1,1,76,5120,70,515,30,86,1000000,86,469,116,56,95,4,0
2,1,1,0.5,1,1,2,2,1,0.5,0.5,2,1,2,1,1,1,0.5,110,8960,35,525,45,130,1000000,65,470,60,65,95,4,0
1,1,1,1,1,2,2,1,1,1,1,0.5,1,1,1,2,2,1,60,8960,35,525,45,110,1000000,65,471,130,95,65,4,0
0.5,1,1,0,1,0.5,1,1,1,1,0,4,1,0.5,1,1,1,2,95,5120,70,510,30,125,1059860,75,472,45,75,95,4,0
1,1,1,0,1,2,2,1,1,2,1,1,1,0.5,1,1,2,2,130,5120,70,530,50,80,1250000,110,473,70,60,80,4,0
1,1,1,1,1,2,1,1,0,1,1,1,1,1,1,1,1,1,80,5120,70,535,30,70,1000000,85,474,135,75,90,4,0
1,1,1,1,2,0.5,1,2,2,1,1,1,1,1,1,0.5,1,1,165,5120,35,618,45,95,1250000,68,475,65,115,110,4,0
0.5,1,0.5,1,0.5,4,1,0.25,1,1,4,0.5,0.25,0,0.5,0.5,1,2,55,5120,70,525,60,145,1000000,60,476,75,150,40,4,0
0.5,2,1,1,1,0,1,1,2,1,1,1,0,0.5,1,1,1,1,100,6400,35,525,45,135,800000,45,477,65,135,45,4,0
0.5,2,1,1,1,0,2,1,2,1,1,0.5,0,0.5,1,2,2,1,80,5120,70,480,75,70,1000000,70,478,80,70,110,4,0
0.5,2,1,0.5,1,0,1,0.5,2,1,2,1,0,0.5,1,1,0.5,1,65,5120,70,520,45,107,1000000,50,479,105,107,86,4,0
2,2,1,1,1,0.5,1,1,2,1,1,1,1,1,0.5,1,1,1,75,20480,140,580,3,130,1250000,75,480,75,130,95,4,1
2,2,1,1,1,0.5,1,1,2,1,1,1,1,1,0.5,1,1,1,105,20480,140,580,3,105,1250000,80,481,105,105,80,4,1
2,2,1,1,1,0.5,1,1,2,1,1,1,1,1,0.5,1,1,1,125,20480,140,580,3,70,1250000,75,482,125,70,115,4,1
0.5,1,1,0.5,1,2,1,0.5,1,0.25,2,1,0.5,0,0.5,0.5,0.5,0.5,120,30720,0,680,3,120,1250000,100,483,150,100,90,4,1
1,1,2,1,2,1,0.25,1,1,1,1,1,1,1,1,1,0.5,0.25,120,30720,0,680,3,100,1250000,90,484,150,120,100,4,1
0.25,1,0.5,1,0.25,2,1,0.5,1,0.25,4,0.25,0.5,0,0.5,1,0.25,2,90,2560,100,600,3,106,1250000,91,485,130,106,77,4,1
1,1,1,1,1,2,1,1,0,1,1,1,1,1,1,1,1,1,160,30720,0,670,3,110,1250000,110,486,80,110,100,4,1
0.5,2,2,0.5,2,0,0.5,1,2,0.5,1,2,0,0.5,1,1,1,0.5,120,30720,0,680,3,100,1250000,150,487,120,100,90,4,1
2,2,1,1,1,0.5,1,1,2,1,1,1,1,1,0.5,1,1,1,70,30720,100,600,3,120,1250000,120,488,75,130,85,4,1
1,1,1,2,1,1,0.5,1,1,2,1,0.5,1,1,1,1,0.5,0.5,80,10240,70,480,30,80,1250000,80,489,80,80,80,4,0
1,1,1,2,1,1,0.5,1,1,2,1,0.5,1,1,1,1,0.5,0.5,100,2560,70,600,3,100,1250000,100,490,100,100,100,4,1
2,0.5,1,1,2,2,1,1,0.5,1,1,1,1,1,0,1,1,1,90,30720,0,600,3,90,1250000,70,491,135,90,125,4,1
2,1,1,0.5,1,1,2,2,1,0.5,0.5,2,1,2,1,1,1,0.5,103,30720,100,600,45,75,1059860,100,492,120,75,127,4,1
1,1,1,1,1,2,1,1,0,1,1,1,1,1,1,1,1,1,120,30720,0,720,3,120,1250000,120,493,120,120,120,4,1
1,2,1,1,0.5,0.5,0.5,1,2,0.5,2,0.5,1,1,0.5,2,0.5,2,100,30720,100,600,3,100,1250000,100,494,100,100,100,5,1
2,1,1,0.5,1,1,2,2,1,0.5,0.5,2,1,2,1,1,1,0.5,45,5120,70,308,45,55,1059860,45,495,45,55,63,5,0
2,1,1,0.5,1,1,2,2,1,0.5,0.5,2,1,2,1,1,1,0.5,60,5120,70,413,45,75,1059860,60,496,60,75,83,5,0
2,1,1,0.5,1,1,2,2,1,0.5,0.5,2,1,2,1,1,1,0.5,75,5120,70,528,45,95,1059860,75,497,75,95,113,5,0
0.5,1,1,1,0.5,1,0.5,1,1,0.5,2,0.5,1,1,1,2,0.5,2,63,5120,70,308,45,45,1059860,65,498,45,45,45,5,0
0.25,0.5,1,1,1,1,0.5,2,1,0.5,2,0.5,1,1,2,1,0.5,2,93,5120,70,418,45,55,1059860,90,499,70,55,55,5,0
0.25,0.5,1,1,1,1,0.5,2,1,0.5,2,0.5,1,1,2,1,0.5,2,123,5120,70,528,45,65,1059860,110,500,100,65,65,5,0
1,1,1,2,1,1,0.5,1,1,2,1,0.5,1,1,1,1,0.5,0.5,55,5120,70,308,45,45,1059860,55,501,63,45,45,5,0
1,1,1,2,1,1,0.5,1,1,2,1,0.5,1,1,1,1,0.5,0.5,75,5120,70,413,45,60,1059860,75,502,83,60,60,5,0
1,1,1,2,1,1,0.5,1,1,2,1,0.5,1,1,1,1,0.5,0.5,100,5120,70,528,45,85,1059860,95,503,108,70,70,5,0
1,1,1,1,1,2,1,1,0,1,1,1,1,1,1,1,1,1,55,3840,70,255,255,39,1000000,45,504,35,39,42,5,0
1,1,1,1,1,2,1,1,0,1,1,1,1,1,1,1,1,1,85,5120,70,420,255,69,1000000,60,505,60,69,77,5,0
1,1,1,1,1,2,1,1,0,1,1,1,1,1,1,1,1,1,60,3840,70,275,255,45,1059860,45,506,25,45,55,5,0
1,1,1,1,1,2,1,1,0,1,1,1,1,1,1,1,1,1,80,3840,70,370,120,65,1059860,65,507,35,65,60,5,0
1,1,1,1,1,2,1,1,0,1,1,1,1,1,1,1,1,1,110,3840,70,500,45,90,1059860,85,508,45,90,80,5,0
2,0.5,1,1,2,2,1,1,0.5,1,1,1,1,1,0,1,1,1,50,5120,70,281,255,37,1000000,41,509,50,37,66,5,0
2,0.5,1,1,2,2,1,1,0.5,1,1,1,1,1,0,1,1,1,88,5120,70,446,90,50,1000000,64,510,88,50,106,5,0
2,1,1,0.5,1,1,2,2,1,0.5,0.5,2,1,2,1,1,1,0.5,53,5120,70,316,190,48,1000000,50,511,53,48,64,5,0
2,1,1,0.5,1,1,2,2,1,0.5,0.5,2,1,2,1,1,1,0.5,98,5120,70,498,75,63,1000000,75,512,98,63,101,5,0
0.5,1,1,1,0.5,1,0.5,1,1,0.5,2,0.5,1,1,1,2,0.5,2,53,5120,70,316,190,48,1000000,50,513,53,48,64,5,0
0.5,1,1,1,0.5,1,0.5,1,1,0.5,2,0.5,1,1,1,2,0.5,2,98,5120,70,498,75,63,1000000,75,514,98,63,101,5,0
1,1,1,2,1,1,0.5,1,1,2,1,0.5,1,1,1,1,0.5,0.5,53,5120,70,316,190,48,1000000,50,515,53,48,64,5,0
1,1,1,2,1,1,0.5,1,1,2,1,0.5,1,1,1,1,0.5,0.5,98,5120,70,498,75,63,1000000,75,516,98,63,101,5,0
2,2,1,1,1,0.5,1,1,2,1,1,1,1,1,0.5,1,1,1,25,2560,70,292,190,45,800000,76,517,67,55,24,5,0
2,2,1,1,1,0.5,1,1,2,1,1,1,1,1,0.5,1,1,1,55,2560,70,487,75,85,800000,116,518,107,95,29,5,0
0.5,1,1,2,1,1,1,1,0,0.5,0,2,1,1,1,2,1,1,55,3840,70,264,255,50,1059860,50,519,36,30,43,5,0
0.5,1,1,2,1,1,1,1,0,0.5,0,2,1,1,1,2,1,1,77,3840,70,358,120,62,1059860,62,520,50,42,65,5,0
0.5,1,1,2,1,1,1,1,0,0.5,0,2,1,1,1,2,1,1,115,3840,70,488,45,80,1059860,80,521,65,55,93,5,0
1,1,1,0.5,1,1,1,0.5,1,1,2,1,1,1,1,1,0.5,1,60,5120,70,295,190,32,1000000,45,522,50,32,76,5,0
1,1,1,0.5,1,1,1,0.5,1,1,2,1,1,1,1,1,0.5,1,100,5120,70,497,75,63,1000000,75,523,80,63,116,5,0
1,1,1,1,1,2,0.5,0.5,1,2,2,1,0.5,0.5,1,1,2,2,75,3840,70,280,255,85,1059860,55,524,25,25,15,5,0
1,1,1,1,1,2,0.5,0.5,1,2,2,1,0.5,0.5,1,1,2,2,105,3840,70,390,120,105,1059860,70,525,50,40,20,5,0
1,1,1,1,1,2,0.5,0.5,1,2,2,1,0.5,0.5,1,1,2,2,135,3840,70,515,45,130,1059860,85,526,60,80,25,5,0
1,2,1,2,1,0.25,1,1,2,0.5,0,2,1,1,0.5,2,1,1,45,3840,70,323,190,43,1000000,65,527,55,43,72,5,0
1,2,1,2,1,0.25,1,1,2,0.5,0,2,1,1,0.5,2,1,1,57,3840,70,425,45,55,1000000,67,528,77,55,114,5,0
1,1,1,0,1,1,1,1,1,2,1,2,1,0.5,1,0.5,1,2,85,5120,70,328,120,40,1000000,60,529,30,45,68,5,0
0.5,1,0.5,0,0.5,2,2,0.5,1,1,2,1,0.5,0,0.5,0.25,0.5,2,135,5120,70,508,60,60,1000000,110,530,50,65,88,5,0
1,1,1,1,1,2,1,1,0,1,1,1,1,1,1,1,1,1,60,5120,70,545,255,126,800000,103,531,80,126,50,5,0
0.5,0.5,1,1,2,1,1,2,1,1,1,1,1,1,2,0.5,1,1,80,5120,70,305,180,55,1059860,75,532,25,35,35,5,0
0.5,0.5,1,1,2,1,1,2,1,1,1,1,1,1,2,0.5,1,1,105,5120,70,405,90,85,1059860,85,533,40,50,40,5,0
0.5,0.5,1,1,2,1,1,2,1,1,1,1,1,1,2,0.5,1,1,140,5120,70,505,45,95,1059860,105,534,55,65,45,5,0
1,1,1,2,1,1,0.5,1,1,2,1,0.5,1,1,1,1,0.5,0.5,50,5120,70,294,255,40,1059860,50,535,50,40,64,5,0
1,1,1,0,1,1,0.5,1,1,4,1,1,1,0.5,1,0.5,0.5,1,65,5120,70,384,120,55,1059860,75,536,65,55,69,5,0
1,1,1,0,1,1,0.5,1,1,4,1,1,1,0.5,1,0.5,0.5,1,95,5120,70,509,45,75,1059860,105,537,85,75,74,5,0
0.5,0.5,1,1,2,1,1,2,1,1,1,1,1,1,2,0.5,1,1,100,5120,70,465,45,85,1000000,120,538,30,85,45,5,0
0.5,0.5,1,1,2,1,1,2,1,1,1,1,1,1,2,0.5,1,1,125,5120,70,465,45,75,1000000,75,539,30,75,85,5,0
2,1,1,0.5,1,0.5,4,4,1,0.25,0.25,2,1,2,1,2,1,0.5,53,3840,70,310,255,70,1059860,45,540,40,60,42,5,0
2,1,1,0.5,1,0.5,4,4,1,0.25,0.25,2,1,2,1,2,1,0.5,63,3840,70,380,120,90,1059860,55,541,50,80,42,5,0
2,1,1,0.5,1,0.5,4,4,1,0.25,0.25,2,1,2,1,2,1,0.5,103,3840,70,500,45,80,1059860,75,542,70,80,92,5,0
0.5,1,1,1,0.5,0.25,2,2,1,0.25,1,1,1,0.5,2,2,1,1,45,3840,70,260,255,59,1059860,30,543,30,39,57,5,0
0.5,1,1,1,0.5,0.25,2,2,1,0.25,1,1,1,0.5,2,2,1,1,55,3840,70,360,120,99,1059860,40,544,40,79,47,5,0
0.5,1,1,1,0.5,0.25,2,2,1,0.25,1,1,1,0.5,2,2,1,1,100,5120,70,485,45,89,1059860,60,545,55,69,112,5,0
1,0.5,0,0.5,1,0.5,2,2,1,0.5,0.5,2,1,4,1,1,2,0.5,27,5120,70,280,190,60,1000000,40,546,37,50,66,5,0
1,0.5,0,0.5,1,0.5,2,2,1,0.5,0.5,2,1,4,1,1,2,0.5,67,5120,70,480,75,85,1000000,60,547,77,75,116,5,0
2,1,1,0.5,1,1,2,2,1,0.5,0.5,2,1,2,1,1,1,0.5,35,5120,70,280,190,50,1000000,45,548,70,50,30,5,0
2,1,1,0.5,1,1,2,2,1,0.5,0.5,2,1,2,1,1,1,0.5,60,5120,70,480,75,75,1000000,70,549,110,75,90,5,0
1,1,1,2,1,1,0.5,1,1,2,1,0.5,1,1,1,1,0.5,0.5,92,10240,70,460,25,65,1000000,70,550,80,55,98,5,0
2,0.5,1,0,2,2,1,1,0.5,2,1,2,1,0.5,0,0.5,1,2,72,5120,70,292,180,35,1059860,50,551,35,35,65,5,0
2,0.5,1,0,2,2,1,1,0.5,2,1,2,1,0.5,0,0.5,1,2,82,5120,70,351,90,45,1059860,60,552,45,45,74,5,0
2,0.5,1,0,2,2,1,1,0.5,2,1,2,1,0.5,0,0.5,1,2,117,5120,70,519,45,80,1059860,95,553,65,70,92,5,0
0.5,1,1,1,0.5,1,0.5,1,1,0.5,2,0.5,1,1,1,2,0.5,2,90,5120,70,315,120,45,1059860,70,554,15,45,50,5,0
0.5,1,1,1,0.5,1,0.5,1,1,0.5,2,0.5,1,1,1,2,0.5,2,30,5120,70,540,60,105,1059860,105,555,140,105,55,5,0
2,1,1,0.5,1,1,2,2,1,0.5,0.5,2,1,2,1,1,1,0.5,86,5120,70,461,255,67,1000000,75,556,106,67,60,5,0
1,1,1,1,1,1,1,1,1,1,1,1,0.5,0.5,1,2,2,2,65,5120,70,325,190,85,1000000,50,557,35,35,55,5,0
1,1,1,1,1,1,1,1,1,1,1,1,0.5,0.5,1,2,2,2,105,5120,70,485,75,125,1000000,70,558,65,75,45,5,0
1,0.25,1,1,4,2,1,2,0.5,1,1,1,1,1,0,0.5,1,1,75,3840,35,348,180,70,1000000,50,559,35,70,48,5,0
1,0.25,1,1,4,2,1,2,0.5,1,1,1,1,1,0,0.5,1,1,90,3840,70,488,90,115,1000000,65,560,45,115,58,5,0
1,2,1,2,1,0.25,1,1,2,0.5,0,2,1,1,0.5,2,1,1,58,5120,70,490,45,80,1000000,72,561,103,80,97,5,0
0.5,2,1,1,1,0,1,1,2,1,1,1,0,0.5,1,1,1,1,30,6400,70,303,190,85,1000000,38,562,55,65,30,5,0
0.5,2,1,1,1,0,1,1,2,1,1,1,0,0.5,1,1,1,1,50,6400,70,483,90,145,1000000,58,563,95,105,30,5,0
1,1,1,2,1,2,0.25,0.5,1,4,2,0.5,0.5,0.5,1,1,1,1,78,7680,70,355,45,103,1000000,54,564,53,45,22,5,0
1,1,1,2,1,2,0.25,0.5,1,4,2,0.5,0.5,0.5,1,1,1,1,108,7680,70,495,45,133,1000000,74,565,83,65,32,5,0
0.5,1,1,2,1,1,0.5,0.5,1,1,0,2,0.5,0.5,1,2,2,2,112,7680,70,401,45,45,1000000,55,566,74,45,70,5,0
0.5,1,1,2,1,1,0.5,0.5,1,1,0,2,0.5,0.5,1,2,2,2,140,7680,70,567,45,65,1000000,75,567,112,65,110,5,0
0.5,1,1,1,0.5,0.5,1,1,1,0.5,2,1,1,0.5,2,1,1,1,50,5120,70,329,190,62,1000000,50,568,40,62,65,5,0
0.5,1,1,1,0.5,0.5,1,1,1,0.5,2,1,1,0.5,2,1,1,1,95,5120,70,474,60,82,1000000,80,569,60,82,75,5,0
2,0.5,1,1,2,2,1,1,0.5,1,1,1,1,1,0,1,1,1,65,6400,70,330,75,40,1059860,40,570,80,40,65,5,0
2,0.5,1,1,2,2,1,1,0.5,1,1,1,1,1,0,1,1,1,105,5120,70,510,45,60,1059860,60,571,120,60,105,5,0
1,1,1,1,1,2,1,1,0,1,1,1,1,1,1,1,1,1,50,3840,70,300,255,40,800000,55,572,40,40,75,5,0
1,1,1,1,1,2,1,1,0,1,1,1,1,1,1,1,1,1,95,3840,70,470,60,60,800000,75,573,65,60,115,5,0
2,2,1,1,1,0.5,1,1,2,1,1,1,1,1,0.5,1,1,1,30,5120,70,290,200,50,1059860,45,574,55,65,45,5,0
2,2,1,1,1,0.5,1,1,2,1,1,1,1,1,0.5,1,1,1,45,5120,70,390,100,70,1059860,60,575,75,85,55,5,0
2,2,1,1,1,0.5,1,1,2,1,1,1,1,1,0.5,1,1,1,55,5120,70,490,50,95,1059860,70,576,95,110,65,5,0
2,2,1,1,1,0.5,1,1,2,1,1,1,1,1,0.5,1,1,1,30,5120,70,290,200,40,1059860,45,577,105,50,20,5,0
2,2,1,1,1,0.5,1,1,2,1,1,1,1,1,0.5,1,1,1,40,5120,70,370,100,50,1059860,65,578,125,60,30,5,0
2,2,1,1,1,0.5,1,1,2,1,1,1,1,1,0.5,1,1,1,65,5120,70,490,50,75,1059860,110,579,125,85,30,5,0
0.5,1,1,4,1,0.5,0.5,1,1,1,0,1,1,1,1,2,0.5,0.5,44,5120,70,305,190,50,1000000,62,580,44,50,55,5,0
0.5,1,1,4,1,0.5,0.5,1,1,1,0,1,1,1,1,2,0.5,0.5,87,5120,70,473,45,63,1000000,75,581,87,63,98,5,0
1,1,1,1,1,2,2,1,1,1,1,0.5,1,1,1,2,2,1,50,5120,70,305,255,50,1250000,36,582,65,60,44,5,0
1,1,1,1,1,2,2,1,1,1,1,0.5,1,1,1,2,2,1,65,5120,70,395,120,65,1250000,51,583,80,75,59,5,0
1,1,1,1,1,2,2,1,1,1,1,0.5,1,1,1,2,2,1,95,5120,70,535,45,85,1250000,71,584,110,95,79,5,0
2,1,1,0.5,1,2,2,2,0,0.5,0.5,2,1,2,1,1,1,0.5,60,5120,70,335,190,50,1000000,60,585,40,50,75,5,0
2,1,1,0.5,1,2,2,2,0,0.5,0.5,2,1,2,1,1,1,0.5,100,5120,70,475,75,70,1000000,80,586,60,70,95,5,0
0.5,1,1,1,1,0.5,1,0.5,1,0.5,0,2,1,1,1,2,0.5,1,75,5120,70,428,200,60,1000000,55,587,75,60,103,5,0
1,1,1,1,1,0.5,2,2,1,0.5,0.5,1,1,1,1,2,1,1,75,3840,70,315,200,45,1000000,50,588,40,45,60,5,0
0.5,1,0.5,1,0.5,1,4,1,1,0.25,1,0.5,0.5,0,0.5,1,0.5,1,135,3840,70,495,75,105,1000000,70,589,60,105,20,5,0
1,1,1,0.5,0.5,0.5,2,2,1,0.25,1,2,1,1,2,1,1,0.5,55,5120,70,294,190,45,1000000,69,590,55,55,15,5,0
1,1,1,0.5,0.5,0.5,2,2,1,0.25,1,2,1,1,2,1,1,0.5,85,5120,70,464,75,70,1000000,114,591,85,80,30,5,0
0.5,2,1,2,1,0,0.5,1,2,2,1,0.5,0,0.5,1,1,0.5,0.5,40,5120,70,335,190,50,1000000,55,592,65,85,40,5,0
0.5,2,1,2,1,0,0.5,1,2,2,1,0.5,0,0.5,1,1,0.5,0.5,60,5120,70,480,60,70,1000000,100,593,85,105,60,5,0
1,1,1,2,1,1,0.5,1,1,2,1,0.5,1,1,1,1,0.5,0.5,75,10240,70,470,75,80,800000,165,594,40,45,65,5,0
1,1,1,0.5,1,0.5,2,1,1,0.5,1,1,1,1,1,2,0.5,1,47,5120,70,319,190,50,1000000,50,595,57,50,65,5,0
1,1,1,0.5,1,0.5,2,1,1,0.5,1,1,1,1,1,2,0.5,1,77,5120,70,472,75,60,1000000,70,596,97,60,108,5,0
1,1,0.5,0.5,0.5,2,4,1,1,0.25,1,1,0.5,0,0.5,0.5,0.5,0.5,50,5120,70,305,255,91,1000000,44,597,24,86,10,5,0
1,1,0.5,0.5,0.5,2,4,1,1,0.25,1,1,0.5,0,0.5,0.5,0.5,0.5,94,5120,70,489,90,131,1000000,74,598,54,116,20,5,0
0.5,1,0.5,1,0.5,2,2,0.5,1,0.5,2,0.5,0.5,0,0.5,0.5,0.5,1,55,5120,70,300,130,70,1059860,40,599,45,60,30,5,0
0.5,1,0.5,1,0.5,2,2,0.5,1,0.5,2,0.5,0.5,0,0.5,0.5,0.5,1,80,5120,70,440,60,95,1059860,60,600,70,85,50,5,0
0.5,1,0.5,1,0.5,2,2,0.5,1,0.5,2,0.5,0.5,0,0.5,0.5,0.5,1,100,5120,70,520,30,115,1059860,60,601,70,85,90,5,0
1,1,1,0.5,1,1,1,0.5,1,1,2,1,1,1,1,1,0.5,1,55,5120,70,275,190,40,1250000,35,602,45,40,60,5,0
1,1,1,0.5,1,1,1,0.5,1,1,2,1,1,1,1,1,0.5,1,85,5120,70,405,60,70,1250000,65,603,75,70,40,5,0
1,1,1,0.5,1,1,1,0.5,1,1,2,1,1,1,1,1,0.5,1,115,5120,70,515,30,80,1250000,85,604,105,80,50,5,0
2,2,1,1,1,0.5,1,1,2,1,1,1,1,1,0.5,1,1,1,55,5120,70,335,255,55,1000000,55,605,85,55,30,5,0
2,2,1,1,1,0.5,1,1,2,1,1,1,1,1,0.5,1,1,1,75,5120,70,485,90,75,1000000,75,606,125,95,40,5,0
0.25,2,1,1,0.5,0,0.5,1,2,0.5,2,0.5,0,0.5,1,2,0.5,2,30,5120,70,275,190,55,1059860,50,607,65,55,20,5,0
0.25,2,1,1,0.5,0,0.5,1,2,0.5,2,0.5,0,0.5,1,2,0.5,2,40,5120,70,370,90,60,1059860,60,608,95,60,55,5,0
0.25,2,1,1,0.5,0,0.5,1,2,0.5,2,0.5,0,0.5,1,2,0.5,2,55,5120,70,520,45,90,1059860,60,609,145,90,80,5,0
1,1,2,0.5,2,1,0.5,1,1,0.5,1,2,1,1,1,1,1,0.5,87,10240,35,320,75,60,1250000,46,610,30,40,57,5,0
1,1,2,0.5,2,1,0.5,1,1,0.5,1,2,1,1,1,1,1,0.5,117,10240,35,410,60,70,1250000,66,611,40,50,67,5,0
1,1,2,0.5,2,1,0.5,1,1,0.5,1,2,1,1,1,1,1,0.5,147,10240,35,540,45,90,1250000,76,612,60,70,97,5,0
1,1,1,1,1,2,2,1,1,1,1,0.5,1,1,1,2,2,1,70,5120,70,305,120,40,1000000,55,613,60,40,40,5,0
1,1,1,1,1,2,2,1,1,1,1,0.5,1,1,1,2,2,1,130,5120,70,505,60,80,1000000,95,614,70,80,50,5,0
1,1,1,1,1,2,2,1,1,1,1,0.5,1,1,1,2,2,1,50,6400,70,515,25,50,1000000,80,615,95,135,105,5,0
1,1,1,1,1,0.5,2,2,1,0.5,0.5,1,1,1,1,2,1,1,40,3840,70,305,200,85,1000000,50,616,40,65,25,5,0
1,1,1,1,1,0.5,2,2,1,0.5,0.5,1,1,1,1,2,1,1,70,3840,70,495,75,40,1000000,80,617,100,60,145,5,0
1,1,1,0,1,1,1,0.5,1,2,2,2,1,0.5,1,0.5,0.5,2,66,5120,70,471,75,84,1000000,109,618,81,99,32,5,0
0.5,0.5,1,1,2,1,1,2,1,1,1,1,1,1,2,0.5,1,1,85,6400,70,350,180,50,1059860,45,619,55,50,65,5,0
0.5,0.5,1,1,2,1,1,2,1,1,1,1,1,1,2,0.5,1,1,125,6400,70,510,45,60,1059860,65,620,95,60,105,5,0
1,1,2,0.5,2,1,0.5,1,1,0.5,1,2,1,1,1,1,1,0.5,120,7680,70,485,45,90,1000000,77,621,60,90,48,5,0
0.5,2,1,0,1,0,1,1,2,2,1,2,0,0.25,1,0.5,1,2,74,6400,70,303,190,50,1000000,59,622,35,50,35,5,0
0.5,2,1,0,1,0,1,1,2,2,1,2,0,0.25,1,0.5,1,2,124,6400,70,483,90,80,1000000,89,623,55,80,55,5,0
1,0.5,0.5,1,1,4,2,0.5,0.5,0.5,2,0.5,0.5,0,0,0.5,0.5,1,85,5120,35,340,120,70,1000000,45,624,40,40,60,5,0
1,0.5,0.5,1,1,4,2,0.5,0.5,0.5,2,0.5,0.5,0,0,0.5,0.5,1,125,5120,35,490,45,100,1000000,65,625,60,70,70,5,0
1,1,1,1,1,2,1,1,0,1,1,1,1,1,1,1,1,1,110,5120,70,490,45,95,1000000,95,626,40,95,55,5,0
0.5,1,1,2,1,1,1,1,0,0.5,0,2,1,1,1,2,1,1,83,5120,70,350,190,50,1250000,70,627,37,50,60,5,0
0.5,1,1,2,1,1,1,1,0,0.5,0,2,1,1,1,2,1,1,123,5120,70,510,60,75,1250000,100,628,57,75,80,5,0
1,0.5,1,2,2,1,1,1,0.5,0.5,0,2,1,1,0,2,1,1,55,5120,35,370,190,75,1250000,70,629,45,65,60,5,0
1,0.5,1,2,2,1,1,1,0.5,0.5,0,2,1,1,0,2,1,1,65,5120,35,510,60,105,1250000,110,630,55,95,80,5,0
0.5,1,1,1,0.5,1,0.5,1,1,0.5,2,0.5,1,1,1,2,0.5,2,97,5120,70,484,90,66,1000000,85,631,105,66,65,5,0
0.5,1,0.5,1,0.5,1,4,1,1,0.25,1,0.5,0.5,0,0.5,1,0.5,1,109,5120,70,484,90,112,1000000,58,632,48,48,109,5,0
2,0.5,2,0.5,4,2,0.5,1,0.5,0.5,1,2,1,1,0,1,1,0.5,65,10240,35,300,45,50,1250000,52,633,45,50,38,5,0
2,0.5,2,0.5,4,2,0.5,1,0.5,0.5,1,2,1,1,0,1,1,0.5,85,10240,35,420,45,70,1250000,72,634,65,70,58,5,0
2,0.5,2,0.5,4,2,0.5,1,0.5,0.5,1,2,1,1,0,1,1,0.5,105,10240,35,600,45,90,1250000,92,635,125,90,98,5,0
0.5,1,1,1,0.5,0.5,1,2,1,0.25,1,0.5,1,1,1,4,0.5,2,85,10240,70,360,45,55,1250000,55,636,50,55,60,5,0
0.5,1,1,1,0.5,0.5,1,2,1,0.25,1,0.5,1,1,1,4,0.5,2,60,10240,70,550,15,65,1250000,85,637,135,105,100,5,0
0.25,0.5,0.5,1,1,2,2,1,1,0.5,2,0.5,0.5,0,1,0.25,0.5,1,90,20480,35,580,3,129,1250000,91,638,90,72,108,5,1
0.5,0.5,1,1,2,2,0.5,1,1,2,2,1,0.5,0.5,2,0.5,2,2,129,20480,35,580,3,90,1250000,91,639,72,90,108,5,1
1,0.5,1,0.5,2,1,2,4,1,0.5,0.5,2,1,2,2,0.5,1,0.5,90,20480,35,580,3,72,1250000,91,640,90,129,108,5,1
0.5,1,1,2,1,0.5,1,1,1,0.5,0,2,1,1,1,2,1,1,100,30720,90,580,3,80,1250000,79,641,110,90,121,5,1
0.5,1,1,1,1,0.5,1,0.5,1,0.5,0,2,1,1,1,2,0.5,1,105,30720,90,580,3,70,1250000,79,642,145,80,101,5,1
0.5,1,2,0.5,1,1,0.25,1,1,0.25,2,1,1,1,1,2,0.5,1,120,30720,0,680,3,100,1250000,100,643,150,120,90,5,1
1,1,2,0.25,2,1,0.5,0.5,1,0.5,2,2,1,1,1,1,0.5,0.5,150,30720,0,680,3,120,1250000,100,644,120,100,90,5,1
0.5,1,1,0,1,0.5,1,1,1,1,0,4,1,0.5,1,1,1,2,145,30720,90,600,3,90,1250000,89,645,105,80,91,5,1
1,1,2,0.5,2,2,1,1,1,0.5,1,1,1,1,1,2,2,0.5,120,30720,0,700,3,90,1250000,125,646,170,100,95,5,1
0.5,0.5,1,2,2,1,0.5,2,1,2,1,0.5,1,1,2,0.5,0.5,0.5,72,20480,35,580,3,90,1250000,91,647,129,90,108,5,1
2,2,1,1,1,1,1,1,0,1,1,1,1,1,0.5,1,1,1,128,30720,100,600,3,90,1250000,100,648,77,77,128,5,1
0.5,1,0.5,1,0.5,1,4,1,1,0.25,1,0.5,0.5,0,0.5,1,0.5,1,120,30720,0,600,3,95,1250000,71,649,120,95,99,5,1
2,1,1,0.5,1,1,2,2,1,0.5,0.5,2,1,2,1,1,1,0.5,61,5120,70,313,45,65,1059860,56,650,48,45,38,6,0
2,1,1,0.5,1,1,2,2,1,0.5,0.5,2,1,2,1,1,1,0.5,78,5120,70,405,45,95,1059860,61,651,56,58,57,6,0
1,0.5,1,0.5,2,1,2,4,1,0.5,0.5,2,1,2,2,0.5,1,0.5,107,5120,70,530,45,122,1059860,88,652,74,75,64,6,0
0.5,1,1,1,0.5,1,0.5,1,1,0.5,2,0.5,1,1,1,2,0.5,2,45,5120,70,307,45,40,1059860,40,653,62,60,60,6,0
0.5,1,1,1,0.5,1,0.5,1,1,0.5,2,0.5,1,1,1,2,0.5,2,59,5120,70,409,45,58,1059860,59,654,90,70,73,6,0
1,2,1,1,0.5,0.5,0.5,1,2,0.5,2,0.5,1,1,0.5,2,0.5,2,69,5120,70,534,45,72,1059860,75,655,114,100,104,6,0
1,1,1,2,1,1,0.5,1,1,2,1,0.5,1,1,1,1,0.5,0.5,56,5120,70,314,45,40,1059860,41,656,62,44,71,6,0
1,1,1,2,1,1,0.5,1,1,2,1,0.5,1,1,1,1,0.5,0.5,63,5120,70,405,45,52,1059860,54,657,83,56,97,6,0
2,0.5,1,2,2,2,0.5,1,0.5,2,1,0.5,1,1,0,1,0.5,0.5,145,5120,70,640,45,67,1059860,72,658,153,71,132,6,0
1,1,1,1,1,2,1,1,0,1,1,1,1,1,1,1,1,1,36,3840,70,237,255,38,1000000,38,659,32,36,57,6,0
1,1,1,0,1,2,1,1,0,2,1,2,1,0.5,1,0.5,1,2,56,3840,70,423,127,77,1000000,85,660,50,77,78,6,0
0.5,1,1,2,1,1,1,1,0,0.5,0,2,1,1,1,2,1,1,50,3840,70,278,255,43,1059860,45,661,40,38,62,6,0
0.25,1,1,2,0.5,0.5,0.5,1,1,0.25,0,1,1,1,1,4,0.5,2,73,3840,70,382,120,55,1059860,62,662,56,52,84,6,0
0.25,1,1,2,0.5,0.5,0.5,1,1,0.25,0,1,1,1,1,4,0.5,2,81,3840,70,499,45,71,1059860,78,663,74,69,126,6,0
1,1,1,1,1,0.5,2,2,1,0.5,0.5,1,1,1,1,2,1,1,35,3840,70,200,255,40,1000000,38,664,27,25,35,6,0
1,1,1,1,1,0.5,2,2,1,0.5,0.5,1,1,1,1,2,1,1,22,3840,70,213,120,60,1000000,45,665,27,30,29,6,0
0.5,1,1,2,1,0.25,2,2,1,0.25,0,2,1,1,1,4,1,1,52,3840,70,411,45,50,1000000,80,666,90,50,89,6,0
0.5,1,1,1,0.5,2,0.5,1,0,0.5,2,0.5,1,1,1,2,0.5,2,50,5120,70,369,220,58,1059860,62,667,73,54,72,6,0
0.5,1,1,1,0.5,2,0.5,1,0,0.5,2,0.5,1,1,1,2,0.5,2,68,5120,70,507,65,72,1059860,86,668,109,66,106,6,0
0.5,0.5,0,1,1,0.5,1,1,1,1,1,1,1,2,1,1,2,1,38,5120,70,303,225,39,1000000,44,669,61,79,42,6,0
0.5,0.5,0,1,1,0.5,1,1,1,1,1,1,1,2,1,1,2,1,65,5120,70,551,120,67,1000000,74,670,125,128,92,6,0
0.5,0.5,0,1,1,0.5,1,1,1,1,1,1,1,2,1,1,2,1,65,5120,70,552,45,68,1000000,78,671,112,154,75,6,0
2,1,1,0.5,1,1,2,2,1,0.5,0.5,2,1,2,1,1,1,0.5,65,5120,70,350,200,48,1000000,66,672,62,57,52,6,0
2,1,1,0.5,1,1,2,2,1,0.5,0.5,2,1,2,1,1,1,0.5,100,5120,70,531,45,62,1000000,123,673,97,81,68,6,0
0.5,0.5,1,1,2,1,1,2,1,1,1,1,1,1,2,0.5,1,1,82,6400,70,348,220,62,1000000,67,674,46,48,43,6,0
1,0.25,1,1,4,2,1,2,0.5,1,1,1,1,1,0,0.5,1,1,124,6400,70,495,65,78,1000000,95,675,69,71,58,6,0
1,1,1,1,1,2,1,1,0,1,1,1,1,1,1,1,1,1,80,5120,70,472,160,60,1000000,75,676,65,90,102,6,0
2,2,1,1,1,0.5,1,1,2,1,1,1,1,1,0.5,1,1,1,48,5120,70,355,190,54,1000000,62,677,63,60,68,6,0
2,2,1,1,1,0.5,1,1,2,1,1,1,1,1,0.5,1,1,1,48,5120,70,466,75,76,1000000,74,678,83,81,104,6,0
0.25,2,0.5,1,0.5,0,2,0.5,2,0.5,2,0.5,0,0,0.5,0.5,0.5,1,80,5120,70,325,180,100,1000000,45,679,35,37,28,6,0
0.25,2,0.5,1,0.5,0,2,0.5,2,0.5,2,0.5,0,0,0.5,0.5,0.5,1,110,5120,70,448,90,150,1000000,59,680,45,49,35,6,0
0.25,2,0.5,1,0.5,0,2,0.5,2,0.5,2,0.5,0,0,0.5,0.5,0.5,1,150,5120,70,520,45,50,1000000,60,681,150,50,60,6,0
0.5,0.5,0,1,1,0.5,1,1,1,1,1,1,1,2,1,1,2,1,52,5120,70,341,200,60,1000000,78,682,63,65,23,6,0
0.5,0.5,0,1,1,0.5,1,1,1,1,1,1,1,2,1,1,2,1,72,5120,70,462,140,72,1000000,101,683,99,89,29,6,0
0.5,0.5,0,1,1,0.5,1,1,1,1,1,1,1,2,1,1,2,1,48,5120,70,341,200,66,1000000,62,684,59,57,49,6,0
0.5,0.5,0,1,1,0.5,1,1,1,1,1,1,1,2,1,1,2,1,80,5120,70,480,140,86,1000000,82,685,85,75,72,6,0
4,1,1,1,2,1,1,1,1,1,1,1,1,1,0,1,1,1,54,5120,70,288,190,53,1000000,53,686,37,46,45,6,0
4,1,1,1,2,1,1,1,1,1,1,1,1,1,0,1,1,1,92,5120,70,482,80,88,1000000,86,687,68,75,73,6,0
1,1,1,2,1,2,0.25,0.5,1,4,2,0.5,0.5,0.5,1,1,1,1,52,5120,70,306,120,67,1000000,42,688,39,56,50,6,0
1,1,1,2,1,2,0.25,0.5,1,4,2,0.5,0.5,0.5,1,1,1,1,105,5120,70,500,45,115,1000000,72,689,54,86,68,6,0
0.5,1,1,2,0.5,0.5,0.5,1,1,1,2,0.5,1,0.5,2,1,0.5,0.5,60,5120,70,320,225,60,1000000,50,690,60,60,30,6,0
0.5,1,2,0.5,1,0.5,0.5,1,1,0.25,2,2,1,0.5,2,1,1,0.5,75,5120,70,494,55,90,1000000,65,691,97,123,44,6,0
1,1,1,2,1,1,0.5,1,1,2,1,0.5,1,1,1,1,0.5,0.5,53,3840,70,330,225,62,1250000,50,692,58,63,44,6,0
1,1,1,2,1,1,0.5,1,1,2,1,0.5,1,1,1,1,0.5,0.5,73,3840,70,500,55,88,1250000,71,693,120,89,59,6,0
1,1,1,0.5,1,2,1,0.5,0,1,2,1,1,1,1,1,0.5,1,38,5120,70,289,190,33,1000000,44,694,61,43,70,6,0
1,1,1,0.5,1,2,1,0.5,0,1,2,1,1,1,1,1,0.5,1,55,5120,70,481,75,52,1000000,62,695,109,94,109,6,0
1,1,2,0.5,2,2,0.25,0.5,1,1,2,2,0.5,0.5,1,1,2,1,89,7680,70,362,45,77,1000000,58,696,45,45,48,6,0
1,1,2,0.5,2,2,0.25,0.5,1,1,2,2,0.5,0.5,1,1,2,1,121,7680,70,521,45,119,1000000,82,697,69,59,71,6,0
1,1,1,1,1,4,1,0.5,1,2,2,0.5,0.5,0.5,1,2,4,2,59,7680,70,362,45,50,1000000,77,698,67,63,46,6,0
1,1,1,1,1,4,1,0.5,1,2,2,0.5,0.5,0.5,1,2,4,2,77,7680,70,521,45,72,1000000,123,699,99,92,58,6,0
0.5,0.5,0,1,1,0.5,1,1,1,1,1,1,1,2,1,1,2,1,65,8960,70,525,45,65,1000000,95,700,110,130,60,6,0
0.25,0.5,1,2,2,0.5,1,2,1,0.5,0,2,1,1,2,1,1,1,92,5120,70,500,100,75,1000000,78,701,74,63,118,6,0
0.5,0.5,0,0.5,1,0.5,1,0.5,1,1,2,1,1,2,1,1,1,1,58,5120,70,431,180,57,1000000,67,702,81,67,101,6,0
0.5,0.5,0,1,1,1,0.5,0.5,1,2,2,1,0.5,1,1,1,4,2,50,6400,70,500,60,150,1250000,50,703,50,150,50,6,0
1,1,2,0.5,2,1,0.5,1,1,0.5,1,2,1,1,1,1,1,0.5,50,10240,35,300,45,35,1250000,45,704,55,75,40,6,0
1,1,2,0.5,2,1,0.5,1,1,0.5,1,2,1,1,1,1,1,0.5,75,10240,35,452,45,53,1250000,68,705,83,113,60,6,0
1,1,2,0.5,2,1,0.5,1,1,0.5,1,2,1,1,1,1,1,0.5,100,10240,35,600,45,70,1250000,90,706,110,150,80,6,0
0.25,0.5,0,1,0.5,1,2,0.5,1,0.5,2,0.5,0.5,0,0.5,0.5,1,1,80,5120,70,470,75,91,800000,57,707,80,87,75,6,0
1,2,1,0.5,1,0,2,2,2,0.5,0.5,2,0,1,1,1,1,0.5,70,5120,70,309,120,48,1000000,43,708,50,60,38,6,0
1,2,1,0.5,1,0,2,2,2,0.5,0.5,2,0,1,1,1,1,0.5,110,5120,70,474,60,76,1000000,85,709,65,82,56,6,0
1,2,1,0.5,1,0,2,2,2,0.5,0.5,2,0,1,1,1,1,0.5,66,5120,70,335,120,70,1000000,59,710,44,55,41,6,0
1,2,1,0.5,1,0,2,2,2,0.5,0.5,2,0,1,1,1,1,0.5,100,5120,70,494,60,122,1000000,85,711,58,75,54,6,0
1,1,1,1,1,2,2,1,1,1,1,0.5,1,1,1,2,2,1,69,5120,70,304,190,85,1000000,55,712,32,35,28,6,0
1,1,1,1,1,2,2,1,1,1,1,0.5,1,1,1,2,2,1,117,5120,70,514,55,184,1000000,95,713,44,46,28,6,0
0.5,1,2,1,2,0.5,0.5,1,1,0.25,0,4,1,1,1,2,1,0.5,30,5120,70,245,190,35,1000000,40,714,45,40,55,6,0
0.5,1,2,1,2,0.5,0.5,1,1,0.25,0,4,1,1,1,2,1,0.5,70,5120,70,535,45,80,1000000,85,715,97,80,123,6,0
0.5,0.5,0,1,1,0.5,1,1,1,1,1,1,1,2,1,1,2,1,131,30720,0,680,45,95,1250000,126,716,131,98,99,6,1
1,0.5,1,2,2,1,1,1,0.5,0.5,0,2,1,1,0,2,1,1,131,30720,0,680,45,95,1250000,126,717,131,98,99,6,1
1,1,2,0,2,1,0.5,1,1,1,1,4,1,0.5,1,0.5,1,1,100,30720,0,708,3,121,1250000,216,718,91,95,85,6,1
0.5,0.5,0,1,1,1,0.5,0.5,1,2,2,1,0.5,1,1,1,4,2,160,6400,70,700,3,110,1250000,50,719,160,110,110,6,1
1,4,1,1,1,0,1,1,4,1,1,1,0,0.5,0.5,1,1,1,160,30720,100,680,3,60,1250000,80,720,170,130,80,6,1
0.5,1,1,2,0.5,1,0.25,1,1,1,2,0.25,1,1,1,2,0.25,1,110,30720,100,600,3,120,1250000,80,721,130,90,70,6,1
1,1,1,1,1,0.5,2,2,1,0.25,0,4,1,2,1,2,1,0.5,55,3840,70,320,45,55,1059860,68,722,50,50,42,7,0
1,1,1,1,1,0.5,2,2,1,0.25,0,4,1,2,1,2,1,0.5,75,3840,70,420,45,75,1059860,78,723,70,70,52,7,0
1,2,1,0.5,1,0,2,2,2,0.5,0.5,2,0,1,1,1,1,0.5,107,3840,70,530,45,75,1059860,78,724,100,100,70,7,0
0.5,1,1,1,0.5,1,0.5,1,1,0.5,2,0.5,1,1,1,2,0.5,2,65,3840,70,320,45,40,1059860,45,725,60,40,70,7,0
0.5,1,1,1,0.5,1,0.5,1,1,0.5,2,0.5,1,1,1,2,0.5,2,85,3840,70,420,45,50,1059860,65,726,80,50,90,7,0
1,0.5,1,1,1,2,0.5,1,0.5,0.5,2,0.5,1,1,0,2,0.5,2,115,3840,70,530,45,90,1059860,95,727,80,90,60,7,0
1,1,1,2,1,1,0.5,1,1,2,1,0.5,1,1,1,1,0.5,0.5,54,3840,70,320,45,54,1059860,50,728,66,56,40,7,0
1,1,1,2,1,1,0.5,1,1,2,1,0.5,1,1,1,1,0.5,0.5,69,3840,70,420,45,69,1059860,60,729,91,81,50,7,0
0.5,0.5,0,2,1,0.5,0.5,1,1,2,1,0.5,1,2,1,1,1,0.5,74,3840,70,530,45,74,1059860,80,730,126,116,60,7,0
0.5,1,1,2,1,1,1,1,0,0.5,0,2,1,1,1,2,1,1,75,3840,70,265,255,30,1000000,35,731,30,30,65,7,0
0.5,1,1,2,1,1,1,1,0,0.5,0,2,1,1,1,2,1,1,85,3840,70,355,120,50,1000000,55,732,40,50,75,7,0
0.5,1,1,2,1,1,1,1,0,0.5,0,2,1,1,1,2,1,1,120,3840,70,485,45,75,1000000,80,733,75,75,60,7,0
1,1,1,1,1,2,1,1,0,1,1,1,1,1,1,1,1,1,70,3840,70,253,255,30,1000000,48,734,30,30,45,7,0
1,1,1,1,1,2,1,1,0,1,1,1,1,1,1,1,1,1,110,3840,70,418,127,60,1000000,88,735,55,60,45,7,0
1,1,1,1,1,0.5,2,2,1,0.5,0.5,1,1,1,1,2,1,1,62,3840,70,300,255,45,1000000,47,736,55,45,46,7,0
1,1,1,0.5,1,0.5,2,1,1,0.5,1,1,1,1,1,2,0.5,1,82,3840,70,400,120,95,1000000,57,737,55,75,36,7,0
1,1,1,0.5,1,0.5,2,1,1,0.5,1,1,1,1,1,2,0.5,1,70,3840,70,500,45,90,1000000,77,738,145,75,43,7,0
0.5,0.5,1,1,2,1,1,2,1,1,1,1,1,1,2,0.5,1,1,82,5120,70,338,225,57,1000000,47,739,42,47,63,7,0
0.5,0.5,1,1,2,2,2,2,1,1,1,0.5,1,1,2,1,2,1,132,5120,70,478,60,77,1000000,97,740,62,67,43,7,0
0.25,1,1,2,0.5,0.5,0.5,1,1,0.25,0,1,1,1,1,4,0.5,2,70,5120,70,476,45,70,1000000,75,741,98,70,93,7,0
0.5,0.5,0,1,1,0.25,2,2,1,0.5,0.5,1,1,2,1,2,2,1,45,5120,70,304,190,40,1000000,40,742,55,40,84,7,0
0.5,0.5,0,1,1,0.25,2,2,1,0.5,0.5,1,1,2,1,2,2,1,55,5120,70,464,75,60,1000000,60,743,95,70,124,7,0
1,1,1,1,1,2,0.5,0.5,1,2,2,1,0.5,0.5,1,1,2,2,65,3840,70,280,190,40,1000000,45,744,30,40,60,7,0
1,1,1,1,1,2,0.5,0.5,1,2,2,1,0.5,0.5,1,1,2,2,115,3840,70,487,90,75,1000000,85,745,55,75,82,7,0
1,1,1,2,1,1,0.5,1,1,2,1,0.5,1,1,1,1,0.5,0.5,140,3840,70,620,60,130,800000,45,746,140,135,30,7,0
0.5,1,1,2,0.5,0.5,0.5,1,1,1,2,0.5,1,0.5,2,1,0.5,0.5,53,5120,70,305,190,62,1000000,50,747,43,52,45,7,0
0.5,1,1,2,0.5,0.5,0.5,1,1,1,2,0.5,1,0.5,2,1,0.5,0.5,63,5120,70,495,75,152,1000000,50,748,53,142,35,7,0
1,1,1,0,1,1,1,1,1,2,1,2,1,0.5,1,0.5,1,2,100,5120,70,385,190,70,1000000,70,749,45,55,45,7,0
1,1,1,0,1,1,1,1,1,2,1,2,1,0.5,1,0.5,1,2,125,5120,70,500,60,100,1000000,100,750,55,85,35,7,0
1,1,1,2,1,0.5,1,2,1,1,0.5,0.5,1,1,1,2,0.5,0.5,40,3840,70,269,200,52,1000000,38,751,40,72,27,7,0
1,1,1,2,1,0.5,1,2,1,1,0.5,0.5,1,1,1,2,0.5,0.5,70,3840,70,454,100,92,1000000,68,752,50,132,42,7,0
2,1,1,0.5,1,1,2,2,1,0.5,0.5,2,1,2,1,1,1,0.5,55,5120,70,250,190,35,1000000,40,753,50,35,35,7,0
2,1,1,0.5,1,1,2,2,1,0.5,0.5,2,1,2,1,1,1,0.5,105,5120,70,480,75,90,1000000,70,754,80,90,45,7,0
1,0.5,0,0.5,1,0.5,2,2,1,0.5,0.5,2,1,4,1,1,2,0.5,35,5120,70,285,190,55,1000000,40,755,65,75,15,7,0
1,0.5,0,0.5,1,0.5,2,2,1,0.5,0.5,2,1,4,1,1,2,0.5,45,5120,70,405,75,80,1000000,60,756,90,100,30,7,0
0.25,1,1,1,0.25,0.5,0.5,1,1,0.25,4,0.5,1,0.5,2,2,0.5,2,44,5120,70,320,120,40,1000000,48,757,71,40,77,7,0
0.25,1,1,1,0.25,0.5,0.5,1,1,0.25,4,0.5,1,0.5,2,2,0.5,2,64,5120,70,480,45,60,1000000,68,758,111,60,117,7,0
0.5,0.5,1,1,2,2,1,2,0,1,1,1,1,1,2,0.5,1,1,75,3840,70,340,140,50,1000000,70,759,45,50,50,7,0
0.5,0.5,1,1,2,2,1,2,0,1,1,1,1,1,2,0.5,1,1,125,3840,70,500,70,80,1000000,120,760,55,60,60,7,0
2,1,1,0.5,1,1,2,2,1,0.5,0.5,2,1,2,1,1,1,0.5,30,5120,70,210,235,38,1059860,42,761,30,38,32,7,0
2,1,1,0.5,1,1,2,2,1,0.5,0.5,2,1,2,1,1,1,0.5,40,5120,70,290,120,48,1059860,52,762,40,48,62,7,0
2,1,1,0.5,1,1,2,2,1,0.5,0.5,2,1,2,1,1,1,0.5,120,5120,70,510,45,98,1059860,72,763,50,98,72,7,0
0.5,0.5,0,1,1,0.5,1,1,1,1,1,1,1,2,1,1,2,1,52,5120,70,485,60,90,800000,51,764,82,110,100,7,0
2,2,1,1,1,1,1,1,0,1,1,1,1,1,0.5,1,1,1,60,5120,70,490,45,80,1250000,90,765,90,110,60,7,0
0.5,0.5,1,1,2,1,1,2,1,1,1,1,1,1,2,0.5,1,1,120,5120,70,490,45,90,1250000,100,766,40,60,80,7,0
1,1,1,2,1,0.5,1,2,1,1,0.5,0.5,1,1,1,2,0.5,0.5,35,5120,70,230,90,40,1000000,25,767,20,30,80,7,0
1,1,1,2,1,0.5,1,2,1,1,0.5,0.5,1,1,1,2,0.5,0.5,125,5120,70,530,45,140,1000000,75,768,60,90,40,7,0
0.5,2,1,0,1,0,1,1,2,2,1,2,0,0.25,1,0.5,1,2,55,3840,70,320,140,80,1000000,55,769,70,45,15,7,0
0.5,2,1,0,1,0,1,1,2,2,1,2,0,0.25,1,0.5,1,2,75,3840,70,480,60,110,1000000,85,770,100,75,35,7,0
1,1,1,2,1,1,0.5,1,1,2,1,0.5,1,1,1,1,0.5,0.5,60,3840,70,410,60,130,800000,55,771,30,130,5,7,0
1,1,1,1,1,2,1,1,0,1,1,1,1,1,1,1,1,1,95,30720,0,534,3,95,1250000,95,772,95,95,59,7,0
1,1,1,1,1,2,1,1,0,1,1,1,1,1,1,1,1,1,95,30720,0,570,3,95,1250000,95,773,95,95,95,7,0
1,1,1,1,1,2,1,1,0,1,1,1,1,1,1,1,1,1,115,5120,70,480,45,65,1250000,65,775,75,95,65,7,0
0.5,1,2,0.5,1,1,0.25,1,1,0.25,2,1,1,1,1,2,0.5,1,78,5120,70,485,70,135,1000000,60,776,91,85,36,7,0
0.5,1,0.5,0.5,0.5,2,2,0.25,1,0.5,4,0.5,0.5,0,0.5,0.5,0.25,1,98,2560,70,435,180,63,1000000,65,777,40,73,96,7,0
0.25,1,0,1,1,0,1,1,2,1,1,1,0,1,1,1,2,1,90,5120,70,476,45,80,1000000,55,778,50,105,96,7,0
2,2,1,2,1,0.5,0.5,1,2,2,1,0.5,1,1,0.5,1,0.5,0.5,105,3840,70,475,80,70,1000000,68,779,70,70,92,7,0
1,1,2,0.5,2,2,0.5,1,0,0.5,1,2,1,1,1,1,1,0.5,60,5120,70,485,70,85,1000000,78,780,135,91,36,7,0
1,2,1,0.5,1,0,2,2,2,0.5,0.5,2,0,1,1,1,1,0.5,131,6400,70,517,25,100,1000000,70,781,86,90,40,7,0
1,1,2,0.5,2,1,0.5,1,1,0.5,1,2,1,1,1,1,1,0.5,55,10240,70,300,45,65,1250000,45,782,45,45,45,7,0
0.5,0.5,2,0.5,4,1,0.5,2,1,0.5,1,2,1,1,2,0.5,1,0.5,75,10240,70,420,45,90,1250000,55,783,65,70,65,7,0
0.5,0.5,2,0.5,4,1,0.5,2,1,0.5,1,2,1,1,2,0.5,1,0.5,110,10240,70,600,45,125,1250000,75,784,100,105,85,7,0
0.5,0.5,0,0.5,1,0.5,1,0.5,1,1,2,1,1,2,1,1,1,1,115,3840,70,570,3,85,1250000,70,785,95,75,130,7,1
1,1,0,1,1,0.25,1,1,2,1,1,1,1,2,0.5,1,2,1,85,3840,70,570,3,75,1250000,70,786,130,115,95,7,1
1,0.5,0,0.5,1,0.5,2,2,1,0.5,0.5,2,1,4,1,1,2,0.5,130,3840,70,570,3,115,1250000,70,787,85,95,75,7,1
0.5,0.5,0,2,1,0.5,0.5,1,1,2,1,0.5,1,2,1,1,1,0.5,75,3840,70,570,3,115,1250000,70,788,95,130,85,7,1
2,2,1,1,1,0.5,1,1,2,1,1,1,1,1,0.5,1,1,1,29,30720,0,200,45,31,1250000,43,789,29,31,37,7,1
2,2,1,1,1,0.5,1,1,2,1,1,1,1,1,0.5,1,1,1,29,30720,0,400,45,131,1250000,43,790,29,131,37,7,1
1,2,0.5,1,0.5,1,2,0.5,2,0.5,2,0.5,0.5,0,0.25,0.5,0.5,1,137,30720,0,680,45,107,1250000,137,791,113,89,97,7,1
1,4,1,1,1,0,1,1,4,1,1,1,0,0.5,0.5,1,1,1,113,30720,0,680,45,89,1250000,137,792,137,107,97,7,1
0.5,1,1,1,0.5,1,0.5,0.5,1,1,4,1,0.5,0.25,2,1,2,2,53,30720,0,570,45,47,1250000,109,793,127,131,103,7,1
0.5,0.5,1,1,2,0.5,2,4,1,0.5,0.5,1,1,1,2,1,1,1,139,30720,0,570,25,139,1250000,107,794,53,53,79,7,1
0.5,0.5,1,1,2,0.5,2,4,1,0.5,0.5,1,1,1,2,1,1,1,137,30720,0,570,255,37,1250000,71,795,137,37,151,7,1
1,1,1,0.5,1,1,1,0.5,1,1,2,1,1,1,1,1,0.5,1,89,30720,0,570,30,71,1250000,83,796,173,71,83,7,1
0.25,1,0.5,2,0.5,1,2,0.5,1,0.25,0,1,0.5,0,0.5,1,0.5,1,101,30720,0,570,25,103,1250000,97,797,107,101,61,7,1
1,1,0.5,0.5,0.5,2,4,1,1,0.25,1,1,0.5,0,0.5,0.5,0.5,0.5,181,30720,0,570,255,131,1250000,59,798,59,31,109,7,1
2,0.5,2,0.5,4,2,0.5,1,0.5,0.5,1,2,1,1,0,1,1,0.5,101,30720,0,570,15,53,1250000,223,799,97,53,43,7,1
2,2,1,1,1,0.5,1,1,2,1,1,1,1,1,0.5,1,1,1,107,30720,0,600,3,101,1250000,97,800,127,89,79,7,1
0.25,0.5,0,1,0.5,1,2,0.5,1,0.5,2,0.5,0.5,0,0.5,0.5,1,1,95,30720,0,600,3,115,1250000,80,801,130,115,65,7,1
